Created by PLY version 3.11 (http://www.dabeaz.com/ply)

Grammar

Rule 0     S' -> program
Rule 1     program -> statement_list
Rule 2     statement_list -> statement
Rule 3     statement_list -> statement_list statement
Rule 4     block -> LBRACE statement_list RBRACE
Rule 5     block -> LBRACE RBRACE
Rule 6     statement -> IF expression THEN block
Rule 7     statement -> IF expression THEN block ELSE block
Rule 8     statement -> IF expression THEN block ELSE statement
Rule 9     statement -> VAR IDENTIFIER EQUALS expression
Rule 10    statement -> IDENTIFIER EQUALS expression
Rule 11    statement -> IDENTIFIER LBRACKET expression RBRACKET EQUALS expression
Rule 12    statement -> WHILE expression block
Rule 13    for_init -> VAR IDENTIFIER EQUALS expression
Rule 14    for_init -> IDENTIFIER EQUALS expression
Rule 15    statement -> FOR LPAREN for_init SEMICOLON expression SEMICOLON for_init RPAREN block
Rule 16    statement -> BREAK
Rule 17    statement -> CONTINUE
Rule 18    statement -> PRINT LPAREN expression RPAREN
Rule 19    statement -> RETURN expression
Rule 20    statement -> IDENTIFIER LPAREN arg_list RPAREN
Rule 21    param_list -> IDENTIFIER
Rule 22    param_list -> param_list COMMA IDENTIFIER
Rule 23    param_list -> <empty>
Rule 24    statement -> FUNCTION IDENTIFIER LPAREN param_list RPAREN block
Rule 25    expression -> expression PLUS expression
Rule 26    expression -> expression MINUS expression
Rule 27    expression -> expression TIMES expression
Rule 28    expression -> expression DIVIDE expression
Rule 29    expression -> expression MODULO expression
Rule 30    expression -> expression GT expression
Rule 31    expression -> expression LT expression
Rule 32    expression -> expression GE expression
Rule 33    expression -> expression LE expression
Rule 34    expression -> expression EQ expression
Rule 35    expression -> expression NE expression
Rule 36    expression -> expression AND expression
Rule 37    expression -> expression OR expression
Rule 38    expression -> NOT expression
Rule 39    expression -> LPAREN expression RPAREN
Rule 40    expression -> NUMBER
Rule 41    expression -> STRING
Rule 42    expression -> TRUE
Rule 43    expression -> FALSE
Rule 44    expression -> IDENTIFIER
Rule 45    expression -> LBRACKET arg_list RBRACKET
Rule 46    expression -> expression LBRACKET expression RBRACKET
Rule 47    arg_list -> expression
Rule 48    arg_list -> arg_list COMMA expression
Rule 49    arg_list -> <empty>
Rule 50    expression -> IDENTIFIER LPAREN arg_list RPAREN

Terminals, with rules where they appear

AND                  : 36
BREAK                : 16
COMMA                : 22 48
CONTINUE             : 17
DIVIDE               : 28
ELSE                 : 7 8
EQ                   : 34
EQUALS               : 9 10 11 13 14
FALSE                : 43
FOR                  : 15
FUNCTION             : 24
GE                   : 32
GT                   : 30
IDENTIFIER           : 9 10 11 13 14 20 21 22 24 44 50
IF                   : 6 7 8
LBRACE               : 4 5
LBRACKET             : 11 45 46
LE                   : 33
LPAREN               : 15 18 20 24 39 50
LT                   : 31
MINUS                : 26
MODULO               : 29
NE                   : 35
NOT                  : 38
NUMBER               : 40
OR                   : 37
PLUS                 : 25
PRINT                : 18
RBRACE               : 4 5
RBRACKET             : 11 45 46
RETURN               : 19
RPAREN               : 15 18 20 24 39 50
SEMICOLON            : 15 15
STRING               : 41
THEN                 : 6 7 8
TIMES                : 27
TRUE                 : 42
VAR                  : 9 13
WHILE                : 12
error                : 

Nonterminals, with rules where they appear

arg_list             : 20 45 48 50
block                : 6 7 7 8 12 15 24
expression           : 6 7 8 9 10 11 11 12 13 14 15 18 19 25 25 26 26 27 27 28 28 29 29 30 30 31 31 32 32 33 33 34 34 35 35 36 36 37 37 38 39 46 46 47 48
for_init             : 15 15
param_list           : 22 24
program              : 0
statement            : 2 3 8
statement_list       : 1 3 4

Parsing method: LALR

state 0

    (0) S' -> . program
    (1) program -> . statement_list
    (2) statement_list -> . statement
    (3) statement_list -> . statement_list statement
    (6) statement -> . IF expression THEN block
    (7) statement -> . IF expression THEN block ELSE block
    (8) statement -> . IF expression THEN block ELSE statement
    (9) statement -> . VAR IDENTIFIER EQUALS expression
    (10) statement -> . IDENTIFIER EQUALS expression
    (11) statement -> . IDENTIFIER LBRACKET expression RBRACKET EQUALS expression
    (12) statement -> . WHILE expression block
    (15) statement -> . FOR LPAREN for_init SEMICOLON expression SEMICOLON for_init RPAREN block
    (16) statement -> . BREAK
    (17) statement -> . CONTINUE
    (18) statement -> . PRINT LPAREN expression RPAREN
    (19) statement -> . RETURN expression
    (20) statement -> . IDENTIFIER LPAREN arg_list RPAREN
    (24) statement -> . FUNCTION IDENTIFIER LPAREN param_list RPAREN block

    IF              shift and go to state 4
    VAR             shift and go to state 5
    IDENTIFIER      shift and go to state 6
    WHILE           shift and go to state 7
    FOR             shift and go to state 8
    BREAK           shift and go to state 9
    CONTINUE        shift and go to state 10
    PRINT           shift and go to state 11
    RETURN          shift and go to state 12
    FUNCTION        shift and go to state 13

    program                        shift and go to state 1
    statement_list                 shift and go to state 2
    statement                      shift and go to state 3

state 1

    (0) S' -> program .



state 2

    (1) program -> statement_list .
    (3) statement_list -> statement_list . statement
    (6) statement -> . IF expression THEN block
    (7) statement -> . IF expression THEN block ELSE block
    (8) statement -> . IF expression THEN block ELSE statement
    (9) statement -> . VAR IDENTIFIER EQUALS expression
    (10) statement -> . IDENTIFIER EQUALS expression
    (11) statement -> . IDENTIFIER LBRACKET expression RBRACKET EQUALS expression
    (12) statement -> . WHILE expression block
    (15) statement -> . FOR LPAREN for_init SEMICOLON expression SEMICOLON for_init RPAREN block
    (16) statement -> . BREAK
    (17) statement -> . CONTINUE
    (18) statement -> . PRINT LPAREN expression RPAREN
    (19) statement -> . RETURN expression
    (20) statement -> . IDENTIFIER LPAREN arg_list RPAREN
    (24) statement -> . FUNCTION IDENTIFIER LPAREN param_list RPAREN block

    $end            reduce using rule 1 (program -> statement_list .)
    IF              shift and go to state 4
    VAR             shift and go to state 5
    IDENTIFIER      shift and go to state 6
    WHILE           shift and go to state 7
    FOR             shift and go to state 8
    BREAK           shift and go to state 9
    CONTINUE        shift and go to state 10
    PRINT           shift and go to state 11
    RETURN          shift and go to state 12
    FUNCTION        shift and go to state 13

    statement                      shift and go to state 14

state 3

    (2) statement_list -> statement .

    IF              reduce using rule 2 (statement_list -> statement .)
    VAR             reduce using rule 2 (statement_list -> statement .)
    IDENTIFIER      reduce using rule 2 (statement_list -> statement .)
    WHILE           reduce using rule 2 (statement_list -> statement .)
    FOR             reduce using rule 2 (statement_list -> statement .)
    BREAK           reduce using rule 2 (statement_list -> statement .)
    CONTINUE        reduce using rule 2 (statement_list -> statement .)
    PRINT           reduce using rule 2 (statement_list -> statement .)
    RETURN          reduce using rule 2 (statement_list -> statement .)
    FUNCTION        reduce using rule 2 (statement_list -> statement .)
    $end            reduce using rule 2 (statement_list -> statement .)
    RBRACE          reduce using rule 2 (statement_list -> statement .)


state 4

    (6) statement -> IF . expression THEN block
    (7) statement -> IF . expression THEN block ELSE block
    (8) statement -> IF . expression THEN block ELSE statement
    (25) expression -> . expression PLUS expression
    (26) expression -> . expression MINUS expression
    (27) expression -> . expression TIMES expression
    (28) expression -> . expression DIVIDE expression
    (29) expression -> . expression MODULO expression
    (30) expression -> . expression GT expression
    (31) expression -> . expression LT expression
    (32) expression -> . expression GE expression
    (33) expression -> . expression LE expression
    (34) expression -> . expression EQ expression
    (35) expression -> . expression NE expression
    (36) expression -> . expression AND expression
    (37) expression -> . expression OR expression
    (38) expression -> . NOT expression
    (39) expression -> . LPAREN expression RPAREN
    (40) expression -> . NUMBER
    (41) expression -> . STRING
    (42) expression -> . TRUE
    (43) expression -> . FALSE
    (44) expression -> . IDENTIFIER
    (45) expression -> . LBRACKET arg_list RBRACKET
    (46) expression -> . expression LBRACKET expression RBRACKET
    (50) expression -> . IDENTIFIER LPAREN arg_list RPAREN

    NOT             shift and go to state 16
    LPAREN          shift and go to state 17
    NUMBER          shift and go to state 18
    STRING          shift and go to state 19
    TRUE            shift and go to state 20
    FALSE           shift and go to state 21
    IDENTIFIER      shift and go to state 22
    LBRACKET        shift and go to state 23

    expression                     shift and go to state 15

state 5

    (9) statement -> VAR . IDENTIFIER EQUALS expression

    IDENTIFIER      shift and go to state 24


state 6

    (10) statement -> IDENTIFIER . EQUALS expression
    (11) statement -> IDENTIFIER . LBRACKET expression RBRACKET EQUALS expression
    (20) statement -> IDENTIFIER . LPAREN arg_list RPAREN

    EQUALS          shift and go to state 25
    LBRACKET        shift and go to state 26
    LPAREN          shift and go to state 27


state 7

    (12) statement -> WHILE . expression block
    (25) expression -> . expression PLUS expression
    (26) expression -> . expression MINUS expression
    (27) expression -> . expression TIMES expression
    (28) expression -> . expression DIVIDE expression
    (29) expression -> . expression MODULO expression
    (30) expression -> . expression GT expression
    (31) expression -> . expression LT expression
    (32) expression -> . expression GE expression
    (33) expression -> . expression LE expression
    (34) expression -> . expression EQ expression
    (35) expression -> . expression NE expression
    (36) expression -> . expression AND expression
    (37) expression -> . expression OR expression
    (38) expression -> . NOT expression
    (39) expression -> . LPAREN expression RPAREN
    (40) expression -> . NUMBER
    (41) expression -> . STRING
    (42) expression -> . TRUE
    (43) expression -> . FALSE
    (44) expression -> . IDENTIFIER
    (45) expression -> . LBRACKET arg_list RBRACKET
    (46) expression -> . expression LBRACKET expression RBRACKET
    (50) expression -> . IDENTIFIER LPAREN arg_list RPAREN

    NOT             shift and go to state 16
    LPAREN          shift and go to state 17
    NUMBER          shift and go to state 18
    STRING          shift and go to state 19
    TRUE            shift and go to state 20
    FALSE           shift and go to state 21
    IDENTIFIER      shift and go to state 22
    LBRACKET        shift and go to state 23

    expression                     shift and go to state 28

state 8

    (15) statement -> FOR . LPAREN for_init SEMICOLON expression SEMICOLON for_init RPAREN block

    LPAREN          shift and go to state 29


state 9

    (16) statement -> BREAK .

    IF              reduce using rule 16 (statement -> BREAK .)
    VAR             reduce using rule 16 (statement -> BREAK .)
    IDENTIFIER      reduce using rule 16 (statement -> BREAK .)
    WHILE           reduce using rule 16 (statement -> BREAK .)
    FOR             reduce using rule 16 (statement -> BREAK .)
    BREAK           reduce using rule 16 (statement -> BREAK .)
    CONTINUE        reduce using rule 16 (statement -> BREAK .)
    PRINT           reduce using rule 16 (statement -> BREAK .)
    RETURN          reduce using rule 16 (statement -> BREAK .)
    FUNCTION        reduce using rule 16 (statement -> BREAK .)
    $end            reduce using rule 16 (statement -> BREAK .)
    RBRACE          reduce using rule 16 (statement -> BREAK .)


state 10

    (17) statement -> CONTINUE .

    IF              reduce using rule 17 (statement -> CONTINUE .)
    VAR             reduce using rule 17 (statement -> CONTINUE .)
    IDENTIFIER      reduce using rule 17 (statement -> CONTINUE .)
    WHILE           reduce using rule 17 (statement -> CONTINUE .)
    FOR             reduce using rule 17 (statement -> CONTINUE .)
    BREAK           reduce using rule 17 (statement -> CONTINUE .)
    CONTINUE        reduce using rule 17 (statement -> CONTINUE .)
    PRINT           reduce using rule 17 (statement -> CONTINUE .)
    RETURN          reduce using rule 17 (statement -> CONTINUE .)
    FUNCTION        reduce using rule 17 (statement -> CONTINUE .)
    $end            reduce using rule 17 (statement -> CONTINUE .)
    RBRACE          reduce using rule 17 (statement -> CONTINUE .)


state 11

    (18) statement -> PRINT . LPAREN expression RPAREN

    LPAREN          shift and go to state 30


state 12

    (19) statement -> RETURN . expression
    (25) expression -> . expression PLUS expression
    (26) expression -> . expression MINUS expression
    (27) expression -> . expression TIMES expression
    (28) expression -> . expression DIVIDE expression
    (29) expression -> . expression MODULO expression
    (30) expression -> . expression GT expression
    (31) expression -> . expression LT expression
    (32) expression -> . expression GE expression
    (33) expression -> . expression LE expression
    (34) expression -> . expression EQ expression
    (35) expression -> . expression NE expression
    (36) expression -> . expression AND expression
    (37) expression -> . expression OR expression
    (38) expression -> . NOT expression
    (39) expression -> . LPAREN expression RPAREN
    (40) expression -> . NUMBER
    (41) expression -> . STRING
    (42) expression -> . TRUE
    (43) expression -> . FALSE
    (44) expression -> . IDENTIFIER
    (45) expression -> . LBRACKET arg_list RBRACKET
    (46) expression -> . expression LBRACKET expression RBRACKET
    (50) expression -> . IDENTIFIER LPAREN arg_list RPAREN

    NOT             shift and go to state 16
    LPAREN          shift and go to state 17
    NUMBER          shift and go to state 18
    STRING          shift and go to state 19
    TRUE            shift and go to state 20
    FALSE           shift and go to state 21
    IDENTIFIER      shift and go to state 22
    LBRACKET        shift and go to state 23

    expression                     shift and go to state 31

state 13

    (24) statement -> FUNCTION . IDENTIFIER LPAREN param_list RPAREN block

    IDENTIFIER      shift and go to state 32


state 14

    (3) statement_list -> statement_list statement .

    IF              reduce using rule 3 (statement_list -> statement_list statement .)
    VAR             reduce using rule 3 (statement_list -> statement_list statement .)
    IDENTIFIER      reduce using rule 3 (statement_list -> statement_list statement .)
    WHILE           reduce using rule 3 (statement_list -> statement_list statement .)
    FOR             reduce using rule 3 (statement_list -> statement_list statement .)
    BREAK           reduce using rule 3 (statement_list -> statement_list statement .)
    CONTINUE        reduce using rule 3 (statement_list -> statement_list statement .)
    PRINT           reduce using rule 3 (statement_list -> statement_list statement .)
    RETURN          reduce using rule 3 (statement_list -> statement_list statement .)
    FUNCTION        reduce using rule 3 (statement_list -> statement_list statement .)
    $end            reduce using rule 3 (statement_list -> statement_list statement .)
    RBRACE          reduce using rule 3 (statement_list -> statement_list statement .)


state 15

    (6) statement -> IF expression . THEN block
    (7) statement -> IF expression . THEN block ELSE block
    (8) statement -> IF expression . THEN block ELSE statement
    (25) expression -> expression . PLUS expression
    (26) expression -> expression . MINUS expression
    (27) expression -> expression . TIMES expression
    (28) expression -> expression . DIVIDE expression
    (29) expression -> expression . MODULO expression
    (30) expression -> expression . GT expression
    (31) expression -> expression . LT expression
    (32) expression -> expression . GE expression
    (33) expression -> expression . LE expression
    (34) expression -> expression . EQ expression
    (35) expression -> expression . NE expression
    (36) expression -> expression . AND expression
    (37) expression -> expression . OR expression
    (46) expression -> expression . LBRACKET expression RBRACKET

    THEN            shift and go to state 33
    PLUS            shift and go to state 34
    MINUS           shift and go to state 35
    TIMES           shift and go to state 36
    DIVIDE          shift and go to state 37
    MODULO          shift and go to state 38
    GT              shift and go to state 39
    LT              shift and go to state 40
    GE              shift and go to state 41
    LE              shift and go to state 42
    EQ              shift and go to state 43
    NE              shift and go to state 44
    AND             shift and go to state 45
    OR              shift and go to state 46
    LBRACKET        shift and go to state 47


state 16

    (38) expression -> NOT . expression
    (25) expression -> . expression PLUS expression
    (26) expression -> . expression MINUS expression
    (27) expression -> . expression TIMES expression
    (28) expression -> . expression DIVIDE expression
    (29) expression -> . expression MODULO expression
    (30) expression -> . expression GT expression
    (31) expression -> . expression LT expression
    (32) expression -> . expression GE expression
    (33) expression -> . expression LE expression
    (34) expression -> . expression EQ expression
    (35) expression -> . expression NE expression
    (36) expression -> . expression AND expression
    (37) expression -> . expression OR expression
    (38) expression -> . NOT expression
    (39) expression -> . LPAREN expression RPAREN
    (40) expression -> . NUMBER
    (41) expression -> . STRING
    (42) expression -> . TRUE
    (43) expression -> . FALSE
    (44) expression -> . IDENTIFIER
    (45) expression -> . LBRACKET arg_list RBRACKET
    (46) expression -> . expression LBRACKET expression RBRACKET
    (50) expression -> . IDENTIFIER LPAREN arg_list RPAREN

    NOT             shift and go to state 16
    LPAREN          shift and go to state 17
    NUMBER          shift and go to state 18
    STRING          shift and go to state 19
    TRUE            shift and go to state 20
    FALSE           shift and go to state 21
    IDENTIFIER      shift and go to state 22
    LBRACKET        shift and go to state 23

    expression                     shift and go to state 48

state 17

    (39) expression -> LPAREN . expression RPAREN
    (25) expression -> . expression PLUS expression
    (26) expression -> . expression MINUS expression
    (27) expression -> . expression TIMES expression
    (28) expression -> . expression DIVIDE expression
    (29) expression -> . expression MODULO expression
    (30) expression -> . expression GT expression
    (31) expression -> . expression LT expression
    (32) expression -> . expression GE expression
    (33) expression -> . expression LE expression
    (34) expression -> . expression EQ expression
    (35) expression -> . expression NE expression
    (36) expression -> . expression AND expression
    (37) expression -> . expression OR expression
    (38) expression -> . NOT expression
    (39) expression -> . LPAREN expression RPAREN
    (40) expression -> . NUMBER
    (41) expression -> . STRING
    (42) expression -> . TRUE
    (43) expression -> . FALSE
    (44) expression -> . IDENTIFIER
    (45) expression -> . LBRACKET arg_list RBRACKET
    (46) expression -> . expression LBRACKET expression RBRACKET
    (50) expression -> . IDENTIFIER LPAREN arg_list RPAREN

    NOT             shift and go to state 16
    LPAREN          shift and go to state 17
    NUMBER          shift and go to state 18
    STRING          shift and go to state 19
    TRUE            shift and go to state 20
    FALSE           shift and go to state 21
    IDENTIFIER      shift and go to state 22
    LBRACKET        shift and go to state 23

    expression                     shift and go to state 49

state 18

    (40) expression -> NUMBER .

    THEN            reduce using rule 40 (expression -> NUMBER .)
    PLUS            reduce using rule 40 (expression -> NUMBER .)
    MINUS           reduce using rule 40 (expression -> NUMBER .)
    TIMES           reduce using rule 40 (expression -> NUMBER .)
    DIVIDE          reduce using rule 40 (expression -> NUMBER .)
    MODULO          reduce using rule 40 (expression -> NUMBER .)
    GT              reduce using rule 40 (expression -> NUMBER .)
    LT              reduce using rule 40 (expression -> NUMBER .)
    GE              reduce using rule 40 (expression -> NUMBER .)
    LE              reduce using rule 40 (expression -> NUMBER .)
    EQ              reduce using rule 40 (expression -> NUMBER .)
    NE              reduce using rule 40 (expression -> NUMBER .)
    AND             reduce using rule 40 (expression -> NUMBER .)
    OR              reduce using rule 40 (expression -> NUMBER .)
    LBRACKET        reduce using rule 40 (expression -> NUMBER .)
    LBRACE          reduce using rule 40 (expression -> NUMBER .)
    IF              reduce using rule 40 (expression -> NUMBER .)
    VAR             reduce using rule 40 (expression -> NUMBER .)
    IDENTIFIER      reduce using rule 40 (expression -> NUMBER .)
    WHILE           reduce using rule 40 (expression -> NUMBER .)
    FOR             reduce using rule 40 (expression -> NUMBER .)
    BREAK           reduce using rule 40 (expression -> NUMBER .)
    CONTINUE        reduce using rule 40 (expression -> NUMBER .)
    PRINT           reduce using rule 40 (expression -> NUMBER .)
    RETURN          reduce using rule 40 (expression -> NUMBER .)
    FUNCTION        reduce using rule 40 (expression -> NUMBER .)
    $end            reduce using rule 40 (expression -> NUMBER .)
    RBRACE          reduce using rule 40 (expression -> NUMBER .)
    RPAREN          reduce using rule 40 (expression -> NUMBER .)
    RBRACKET        reduce using rule 40 (expression -> NUMBER .)
    COMMA           reduce using rule 40 (expression -> NUMBER .)
    SEMICOLON       reduce using rule 40 (expression -> NUMBER .)


state 19

    (41) expression -> STRING .

    THEN            reduce using rule 41 (expression -> STRING .)
    PLUS            reduce using rule 41 (expression -> STRING .)
    MINUS           reduce using rule 41 (expression -> STRING .)
    TIMES           reduce using rule 41 (expression -> STRING .)
    DIVIDE          reduce using rule 41 (expression -> STRING .)
    MODULO          reduce using rule 41 (expression -> STRING .)
    GT              reduce using rule 41 (expression -> STRING .)
    LT              reduce using rule 41 (expression -> STRING .)
    GE              reduce using rule 41 (expression -> STRING .)
    LE              reduce using rule 41 (expression -> STRING .)
    EQ              reduce using rule 41 (expression -> STRING .)
    NE              reduce using rule 41 (expression -> STRING .)
    AND             reduce using rule 41 (expression -> STRING .)
    OR              reduce using rule 41 (expression -> STRING .)
    LBRACKET        reduce using rule 41 (expression -> STRING .)
    LBRACE          reduce using rule 41 (expression -> STRING .)
    IF              reduce using rule 41 (expression -> STRING .)
    VAR             reduce using rule 41 (expression -> STRING .)
    IDENTIFIER      reduce using rule 41 (expression -> STRING .)
    WHILE           reduce using rule 41 (expression -> STRING .)
    FOR             reduce using rule 41 (expression -> STRING .)
    BREAK           reduce using rule 41 (expression -> STRING .)
    CONTINUE        reduce using rule 41 (expression -> STRING .)
    PRINT           reduce using rule 41 (expression -> STRING .)
    RETURN          reduce using rule 41 (expression -> STRING .)
    FUNCTION        reduce using rule 41 (expression -> STRING .)
    $end            reduce using rule 41 (expression -> STRING .)
    RBRACE          reduce using rule 41 (expression -> STRING .)
    RPAREN          reduce using rule 41 (expression -> STRING .)
    RBRACKET        reduce using rule 41 (expression -> STRING .)
    COMMA           reduce using rule 41 (expression -> STRING .)
    SEMICOLON       reduce using rule 41 (expression -> STRING .)


state 20

    (42) expression -> TRUE .

    THEN            reduce using rule 42 (expression -> TRUE .)
    PLUS            reduce using rule 42 (expression -> TRUE .)
    MINUS           reduce using rule 42 (expression -> TRUE .)
    TIMES           reduce using rule 42 (expression -> TRUE .)
    DIVIDE          reduce using rule 42 (expression -> TRUE .)
    MODULO          reduce using rule 42 (expression -> TRUE .)
    GT              reduce using rule 42 (expression -> TRUE .)
    LT              reduce using rule 42 (expression -> TRUE .)
    GE              reduce using rule 42 (expression -> TRUE .)
    LE              reduce using rule 42 (expression -> TRUE .)
    EQ              reduce using rule 42 (expression -> TRUE .)
    NE              reduce using rule 42 (expression -> TRUE .)
    AND             reduce using rule 42 (expression -> TRUE .)
    OR              reduce using rule 42 (expression -> TRUE .)
    LBRACKET        reduce using rule 42 (expression -> TRUE .)
    LBRACE          reduce using rule 42 (expression -> TRUE .)
    IF              reduce using rule 42 (expression -> TRUE .)
    VAR             reduce using rule 42 (expression -> TRUE .)
    IDENTIFIER      reduce using rule 42 (expression -> TRUE .)
    WHILE           reduce using rule 42 (expression -> TRUE .)
    FOR             reduce using rule 42 (expression -> TRUE .)
    BREAK           reduce using rule 42 (expression -> TRUE .)
    CONTINUE        reduce using rule 42 (expression -> TRUE .)
    PRINT           reduce using rule 42 (expression -> TRUE .)
    RETURN          reduce using rule 42 (expression -> TRUE .)
    FUNCTION        reduce using rule 42 (expression -> TRUE .)
    $end            reduce using rule 42 (expression -> TRUE .)
    RBRACE          reduce using rule 42 (expression -> TRUE .)
    RPAREN          reduce using rule 42 (expression -> TRUE .)
    RBRACKET        reduce using rule 42 (expression -> TRUE .)
    COMMA           reduce using rule 42 (expression -> TRUE .)
    SEMICOLON       reduce using rule 42 (expression -> TRUE .)


state 21

    (43) expression -> FALSE .

    THEN            reduce using rule 43 (expression -> FALSE .)
    PLUS            reduce using rule 43 (expression -> FALSE .)
    MINUS           reduce using rule 43 (expression -> FALSE .)
    TIMES           reduce using rule 43 (expression -> FALSE .)
    DIVIDE          reduce using rule 43 (expression -> FALSE .)
    MODULO          reduce using rule 43 (expression -> FALSE .)
    GT              reduce using rule 43 (expression -> FALSE .)
    LT              reduce using rule 43 (expression -> FALSE .)
    GE              reduce using rule 43 (expression -> FALSE .)
    LE              reduce using rule 43 (expression -> FALSE .)
    EQ              reduce using rule 43 (expression -> FALSE .)
    NE              reduce using rule 43 (expression -> FALSE .)
    AND             reduce using rule 43 (expression -> FALSE .)
    OR              reduce using rule 43 (expression -> FALSE .)
    LBRACKET        reduce using rule 43 (expression -> FALSE .)
    LBRACE          reduce using rule 43 (expression -> FALSE .)
    IF              reduce using rule 43 (expression -> FALSE .)
    VAR             reduce using rule 43 (expression -> FALSE .)
    IDENTIFIER      reduce using rule 43 (expression -> FALSE .)
    WHILE           reduce using rule 43 (expression -> FALSE .)
    FOR             reduce using rule 43 (expression -> FALSE .)
    BREAK           reduce using rule 43 (expression -> FALSE .)
    CONTINUE        reduce using rule 43 (expression -> FALSE .)
    PRINT           reduce using rule 43 (expression -> FALSE .)
    RETURN          reduce using rule 43 (expression -> FALSE .)
    FUNCTION        reduce using rule 43 (expression -> FALSE .)
    $end            reduce using rule 43 (expression -> FALSE .)
    RBRACE          reduce using rule 43 (expression -> FALSE .)
    RPAREN          reduce using rule 43 (expression -> FALSE .)
    RBRACKET        reduce using rule 43 (expression -> FALSE .)
    COMMA           reduce using rule 43 (expression -> FALSE .)
    SEMICOLON       reduce using rule 43 (expression -> FALSE .)


state 22

    (44) expression -> IDENTIFIER .
    (50) expression -> IDENTIFIER . LPAREN arg_list RPAREN

    THEN            reduce using rule 44 (expression -> IDENTIFIER .)
    PLUS            reduce using rule 44 (expression -> IDENTIFIER .)
    MINUS           reduce using rule 44 (expression -> IDENTIFIER .)
    TIMES           reduce using rule 44 (expression -> IDENTIFIER .)
    DIVIDE          reduce using rule 44 (expression -> IDENTIFIER .)
    MODULO          reduce using rule 44 (expression -> IDENTIFIER .)
    GT              reduce using rule 44 (expression -> IDENTIFIER .)
    LT              reduce using rule 44 (expression -> IDENTIFIER .)
    GE              reduce using rule 44 (expression -> IDENTIFIER .)
    LE              reduce using rule 44 (expression -> IDENTIFIER .)
    EQ              reduce using rule 44 (expression -> IDENTIFIER .)
    NE              reduce using rule 44 (expression -> IDENTIFIER .)
    AND             reduce using rule 44 (expression -> IDENTIFIER .)
    OR              reduce using rule 44 (expression -> IDENTIFIER .)
    LBRACKET        reduce using rule 44 (expression -> IDENTIFIER .)
    LBRACE          reduce using rule 44 (expression -> IDENTIFIER .)
    IF              reduce using rule 44 (expression -> IDENTIFIER .)
    VAR             reduce using rule 44 (expression -> IDENTIFIER .)
    IDENTIFIER      reduce using rule 44 (expression -> IDENTIFIER .)
    WHILE           reduce using rule 44 (expression -> IDENTIFIER .)
    FOR             reduce using rule 44 (expression -> IDENTIFIER .)
    BREAK           reduce using rule 44 (expression -> IDENTIFIER .)
    CONTINUE        reduce using rule 44 (expression -> IDENTIFIER .)
    PRINT           reduce using rule 44 (expression -> IDENTIFIER .)
    RETURN          reduce using rule 44 (expression -> IDENTIFIER .)
    FUNCTION        reduce using rule 44 (expression -> IDENTIFIER .)
    $end            reduce using rule 44 (expression -> IDENTIFIER .)
    RBRACE          reduce using rule 44 (expression -> IDENTIFIER .)
    RPAREN          reduce using rule 44 (expression -> IDENTIFIER .)
    RBRACKET        reduce using rule 44 (expression -> IDENTIFIER .)
    COMMA           reduce using rule 44 (expression -> IDENTIFIER .)
    SEMICOLON       reduce using rule 44 (expression -> IDENTIFIER .)
    LPAREN          shift and go to state 50


state 23

    (45) expression -> LBRACKET . arg_list RBRACKET
    (47) arg_list -> . expression
    (48) arg_list -> . arg_list COMMA expression
    (49) arg_list -> .
    (25) expression -> . expression PLUS expression
    (26) expression -> . expression MINUS expression
    (27) expression -> . expression TIMES expression
    (28) expression -> . expression DIVIDE expression
    (29) expression -> . expression MODULO expression
    (30) expression -> . expression GT expression
    (31) expression -> . expression LT expression
    (32) expression -> . expression GE expression
    (33) expression -> . expression LE expression
    (34) expression -> . expression EQ expression
    (35) expression -> . expression NE expression
    (36) expression -> . expression AND expression
    (37) expression -> . expression OR expression
    (38) expression -> . NOT expression
    (39) expression -> . LPAREN expression RPAREN
    (40) expression -> . NUMBER
    (41) expression -> . STRING
    (42) expression -> . TRUE
    (43) expression -> . FALSE
    (44) expression -> . IDENTIFIER
    (45) expression -> . LBRACKET arg_list RBRACKET
    (46) expression -> . expression LBRACKET expression RBRACKET
    (50) expression -> . IDENTIFIER LPAREN arg_list RPAREN

    RBRACKET        reduce using rule 49 (arg_list -> .)
    COMMA           reduce using rule 49 (arg_list -> .)
    NOT             shift and go to state 16
    LPAREN          shift and go to state 17
    NUMBER          shift and go to state 18
    STRING          shift and go to state 19
    TRUE            shift and go to state 20
    FALSE           shift and go to state 21
    IDENTIFIER      shift and go to state 22
    LBRACKET        shift and go to state 23

    arg_list                       shift and go to state 51
    expression                     shift and go to state 52

state 24

    (9) statement -> VAR IDENTIFIER . EQUALS expression

    EQUALS          shift and go to state 53


state 25

    (10) statement -> IDENTIFIER EQUALS . expression
    (25) expression -> . expression PLUS expression
    (26) expression -> . expression MINUS expression
    (27) expression -> . expression TIMES expression
    (28) expression -> . expression DIVIDE expression
    (29) expression -> . expression MODULO expression
    (30) expression -> . expression GT expression
    (31) expression -> . expression LT expression
    (32) expression -> . expression GE expression
    (33) expression -> . expression LE expression
    (34) expression -> . expression EQ expression
    (35) expression -> . expression NE expression
    (36) expression -> . expression AND expression
    (37) expression -> . expression OR expression
    (38) expression -> . NOT expression
    (39) expression -> . LPAREN expression RPAREN
    (40) expression -> . NUMBER
    (41) expression -> . STRING
    (42) expression -> . TRUE
    (43) expression -> . FALSE
    (44) expression -> . IDENTIFIER
    (45) expression -> . LBRACKET arg_list RBRACKET
    (46) expression -> . expression LBRACKET expression RBRACKET
    (50) expression -> . IDENTIFIER LPAREN arg_list RPAREN

    NOT             shift and go to state 16
    LPAREN          shift and go to state 17
    NUMBER          shift and go to state 18
    STRING          shift and go to state 19
    TRUE            shift and go to state 20
    FALSE           shift and go to state 21
    IDENTIFIER      shift and go to state 22
    LBRACKET        shift and go to state 23

    expression                     shift and go to state 54

state 26

    (11) statement -> IDENTIFIER LBRACKET . expression RBRACKET EQUALS expression
    (25) expression -> . expression PLUS expression
    (26) expression -> . expression MINUS expression
    (27) expression -> . expression TIMES expression
    (28) expression -> . expression DIVIDE expression
    (29) expression -> . expression MODULO expression
    (30) expression -> . expression GT expression
    (31) expression -> . expression LT expression
    (32) expression -> . expression GE expression
    (33) expression -> . expression LE expression
    (34) expression -> . expression EQ expression
    (35) expression -> . expression NE expression
    (36) expression -> . expression AND expression
    (37) expression -> . expression OR expression
    (38) expression -> . NOT expression
    (39) expression -> . LPAREN expression RPAREN
    (40) expression -> . NUMBER
    (41) expression -> . STRING
    (42) expression -> . TRUE
    (43) expression -> . FALSE
    (44) expression -> . IDENTIFIER
    (45) expression -> . LBRACKET arg_list RBRACKET
    (46) expression -> . expression LBRACKET expression RBRACKET
    (50) expression -> . IDENTIFIER LPAREN arg_list RPAREN

    NOT             shift and go to state 16
    LPAREN          shift and go to state 17
    NUMBER          shift and go to state 18
    STRING          shift and go to state 19
    TRUE            shift and go to state 20
    FALSE           shift and go to state 21
    IDENTIFIER      shift and go to state 22
    LBRACKET        shift and go to state 23

    expression                     shift and go to state 55

state 27

    (20) statement -> IDENTIFIER LPAREN . arg_list RPAREN
    (47) arg_list -> . expression
    (48) arg_list -> . arg_list COMMA expression
    (49) arg_list -> .
    (25) expression -> . expression PLUS expression
    (26) expression -> . expression MINUS expression
    (27) expression -> . expression TIMES expression
    (28) expression -> . expression DIVIDE expression
    (29) expression -> . expression MODULO expression
    (30) expression -> . expression GT expression
    (31) expression -> . expression LT expression
    (32) expression -> . expression GE expression
    (33) expression -> . expression LE expression
    (34) expression -> . expression EQ expression
    (35) expression -> . expression NE expression
    (36) expression -> . expression AND expression
    (37) expression -> . expression OR expression
    (38) expression -> . NOT expression
    (39) expression -> . LPAREN expression RPAREN
    (40) expression -> . NUMBER
    (41) expression -> . STRING
    (42) expression -> . TRUE
    (43) expression -> . FALSE
    (44) expression -> . IDENTIFIER
    (45) expression -> . LBRACKET arg_list RBRACKET
    (46) expression -> . expression LBRACKET expression RBRACKET
    (50) expression -> . IDENTIFIER LPAREN arg_list RPAREN

    RPAREN          reduce using rule 49 (arg_list -> .)
    COMMA           reduce using rule 49 (arg_list -> .)
    NOT             shift and go to state 16
    LPAREN          shift and go to state 17
    NUMBER          shift and go to state 18
    STRING          shift and go to state 19
    TRUE            shift and go to state 20
    FALSE           shift and go to state 21
    IDENTIFIER      shift and go to state 22
    LBRACKET        shift and go to state 23

    arg_list                       shift and go to state 56
    expression                     shift and go to state 52

state 28

    (12) statement -> WHILE expression . block
    (25) expression -> expression . PLUS expression
    (26) expression -> expression . MINUS expression
    (27) expression -> expression . TIMES expression
    (28) expression -> expression . DIVIDE expression
    (29) expression -> expression . MODULO expression
    (30) expression -> expression . GT expression
    (31) expression -> expression . LT expression
    (32) expression -> expression . GE expression
    (33) expression -> expression . LE expression
    (34) expression -> expression . EQ expression
    (35) expression -> expression . NE expression
    (36) expression -> expression . AND expression
    (37) expression -> expression . OR expression
    (46) expression -> expression . LBRACKET expression RBRACKET
    (4) block -> . LBRACE statement_list RBRACE
    (5) block -> . LBRACE RBRACE

    PLUS            shift and go to state 34
    MINUS           shift and go to state 35
    TIMES           shift and go to state 36
    DIVIDE          shift and go to state 37
    MODULO          shift and go to state 38
    GT              shift and go to state 39
    LT              shift and go to state 40
    GE              shift and go to state 41
    LE              shift and go to state 42
    EQ              shift and go to state 43
    NE              shift and go to state 44
    AND             shift and go to state 45
    OR              shift and go to state 46
    LBRACKET        shift and go to state 47
    LBRACE          shift and go to state 58

    block                          shift and go to state 57

state 29

    (15) statement -> FOR LPAREN . for_init SEMICOLON expression SEMICOLON for_init RPAREN block
    (13) for_init -> . VAR IDENTIFIER EQUALS expression
    (14) for_init -> . IDENTIFIER EQUALS expression

    VAR             shift and go to state 60
    IDENTIFIER      shift and go to state 61

    for_init                       shift and go to state 59

state 30

    (18) statement -> PRINT LPAREN . expression RPAREN
    (25) expression -> . expression PLUS expression
    (26) expression -> . expression MINUS expression
    (27) expression -> . expression TIMES expression
    (28) expression -> . expression DIVIDE expression
    (29) expression -> . expression MODULO expression
    (30) expression -> . expression GT expression
    (31) expression -> . expression LT expression
    (32) expression -> . expression GE expression
    (33) expression -> . expression LE expression
    (34) expression -> . expression EQ expression
    (35) expression -> . expression NE expression
    (36) expression -> . expression AND expression
    (37) expression -> . expression OR expression
    (38) expression -> . NOT expression
    (39) expression -> . LPAREN expression RPAREN
    (40) expression -> . NUMBER
    (41) expression -> . STRING
    (42) expression -> . TRUE
    (43) expression -> . FALSE
    (44) expression -> . IDENTIFIER
    (45) expression -> . LBRACKET arg_list RBRACKET
    (46) expression -> . expression LBRACKET expression RBRACKET
    (50) expression -> . IDENTIFIER LPAREN arg_list RPAREN

    NOT             shift and go to state 16
    LPAREN          shift and go to state 17
    NUMBER          shift and go to state 18
    STRING          shift and go to state 19
    TRUE            shift and go to state 20
    FALSE           shift and go to state 21
    IDENTIFIER      shift and go to state 22
    LBRACKET        shift and go to state 23

    expression                     shift and go to state 62

state 31

    (19) statement -> RETURN expression .
    (25) expression -> expression . PLUS expression
    (26) expression -> expression . MINUS expression
    (27) expression -> expression . TIMES expression
    (28) expression -> expression . DIVIDE expression
    (29) expression -> expression . MODULO expression
    (30) expression -> expression . GT expression
    (31) expression -> expression . LT expression
    (32) expression -> expression . GE expression
    (33) expression -> expression . LE expression
    (34) expression -> expression . EQ expression
    (35) expression -> expression . NE expression
    (36) expression -> expression . AND expression
    (37) expression -> expression . OR expression
    (46) expression -> expression . LBRACKET expression RBRACKET

    IF              reduce using rule 19 (statement -> RETURN expression .)
    VAR             reduce using rule 19 (statement -> RETURN expression .)
    IDENTIFIER      reduce using rule 19 (statement -> RETURN expression .)
    WHILE           reduce using rule 19 (statement -> RETURN expression .)
    FOR             reduce using rule 19 (statement -> RETURN expression .)
    BREAK           reduce using rule 19 (statement -> RETURN expression .)
    CONTINUE        reduce using rule 19 (statement -> RETURN expression .)
    PRINT           reduce using rule 19 (statement -> RETURN expression .)
    RETURN          reduce using rule 19 (statement -> RETURN expression .)
    FUNCTION        reduce using rule 19 (statement -> RETURN expression .)
    $end            reduce using rule 19 (statement -> RETURN expression .)
    RBRACE          reduce using rule 19 (statement -> RETURN expression .)
    PLUS            shift and go to state 34
    MINUS           shift and go to state 35
    TIMES           shift and go to state 36
    DIVIDE          shift and go to state 37
    MODULO          shift and go to state 38
    GT              shift and go to state 39
    LT              shift and go to state 40
    GE              shift and go to state 41
    LE              shift and go to state 42
    EQ              shift and go to state 43
    NE              shift and go to state 44
    AND             shift and go to state 45
    OR              shift and go to state 46
    LBRACKET        shift and go to state 47


state 32

    (24) statement -> FUNCTION IDENTIFIER . LPAREN param_list RPAREN block

    LPAREN          shift and go to state 63


state 33

    (6) statement -> IF expression THEN . block
    (7) statement -> IF expression THEN . block ELSE block
    (8) statement -> IF expression THEN . block ELSE statement
    (4) block -> . LBRACE statement_list RBRACE
    (5) block -> . LBRACE RBRACE

    LBRACE          shift and go to state 58

    block                          shift and go to state 64

state 34

    (25) expression -> expression PLUS . expression
    (25) expression -> . expression PLUS expression
    (26) expression -> . expression MINUS expression
    (27) expression -> . expression TIMES expression
    (28) expression -> . expression DIVIDE expression
    (29) expression -> . expression MODULO expression
    (30) expression -> . expression GT expression
    (31) expression -> . expression LT expression
    (32) expression -> . expression GE expression
    (33) expression -> . expression LE expression
    (34) expression -> . expression EQ expression
    (35) expression -> . expression NE expression
    (36) expression -> . expression AND expression
    (37) expression -> . expression OR expression
    (38) expression -> . NOT expression
    (39) expression -> . LPAREN expression RPAREN
    (40) expression -> . NUMBER
    (41) expression -> . STRING
    (42) expression -> . TRUE
    (43) expression -> . FALSE
    (44) expression -> . IDENTIFIER
    (45) expression -> . LBRACKET arg_list RBRACKET
    (46) expression -> . expression LBRACKET expression RBRACKET
    (50) expression -> . IDENTIFIER LPAREN arg_list RPAREN

    NOT             shift and go to state 16
    LPAREN          shift and go to state 17
    NUMBER          shift and go to state 18
    STRING          shift and go to state 19
    TRUE            shift and go to state 20
    FALSE           shift and go to state 21
    IDENTIFIER      shift and go to state 22
    LBRACKET        shift and go to state 23

    expression                     shift and go to state 65

state 35

    (26) expression -> expression MINUS . expression
    (25) expression -> . expression PLUS expression
    (26) expression -> . expression MINUS expression
    (27) expression -> . expression TIMES expression
    (28) expression -> . expression DIVIDE expression
    (29) expression -> . expression MODULO expression
    (30) expression -> . expression GT expression
    (31) expression -> . expression LT expression
    (32) expression -> . expression GE expression
    (33) expression -> . expression LE expression
    (34) expression -> . expression EQ expression
    (35) expression -> . expression NE expression
    (36) expression -> . expression AND expression
    (37) expression -> . expression OR expression
    (38) expression -> . NOT expression
    (39) expression -> . LPAREN expression RPAREN
    (40) expression -> . NUMBER
    (41) expression -> . STRING
    (42) expression -> . TRUE
    (43) expression -> . FALSE
    (44) expression -> . IDENTIFIER
    (45) expression -> . LBRACKET arg_list RBRACKET
    (46) expression -> . expression LBRACKET expression RBRACKET
    (50) expression -> . IDENTIFIER LPAREN arg_list RPAREN

    NOT             shift and go to state 16
    LPAREN          shift and go to state 17
    NUMBER          shift and go to state 18
    STRING          shift and go to state 19
    TRUE            shift and go to state 20
    FALSE           shift and go to state 21
    IDENTIFIER      shift and go to state 22
    LBRACKET        shift and go to state 23

    expression                     shift and go to state 66

state 36

    (27) expression -> expression TIMES . expression
    (25) expression -> . expression PLUS expression
    (26) expression -> . expression MINUS expression
    (27) expression -> . expression TIMES expression
    (28) expression -> . expression DIVIDE expression
    (29) expression -> . expression MODULO expression
    (30) expression -> . expression GT expression
    (31) expression -> . expression LT expression
    (32) expression -> . expression GE expression
    (33) expression -> . expression LE expression
    (34) expression -> . expression EQ expression
    (35) expression -> . expression NE expression
    (36) expression -> . expression AND expression
    (37) expression -> . expression OR expression
    (38) expression -> . NOT expression
    (39) expression -> . LPAREN expression RPAREN
    (40) expression -> . NUMBER
    (41) expression -> . STRING
    (42) expression -> . TRUE
    (43) expression -> . FALSE
    (44) expression -> . IDENTIFIER
    (45) expression -> . LBRACKET arg_list RBRACKET
    (46) expression -> . expression LBRACKET expression RBRACKET
    (50) expression -> . IDENTIFIER LPAREN arg_list RPAREN

    NOT             shift and go to state 16
    LPAREN          shift and go to state 17
    NUMBER          shift and go to state 18
    STRING          shift and go to state 19
    TRUE            shift and go to state 20
    FALSE           shift and go to state 21
    IDENTIFIER      shift and go to state 22
    LBRACKET        shift and go to state 23

    expression                     shift and go to state 67

state 37

    (28) expression -> expression DIVIDE . expression
    (25) expression -> . expression PLUS expression
    (26) expression -> . expression MINUS expression
    (27) expression -> . expression TIMES expression
    (28) expression -> . expression DIVIDE expression
    (29) expression -> . expression MODULO expression
    (30) expression -> . expression GT expression
    (31) expression -> . expression LT expression
    (32) expression -> . expression GE expression
    (33) expression -> . expression LE expression
    (34) expression -> . expression EQ expression
    (35) expression -> . expression NE expression
    (36) expression -> . expression AND expression
    (37) expression -> . expression OR expression
    (38) expression -> . NOT expression
    (39) expression -> . LPAREN expression RPAREN
    (40) expression -> . NUMBER
    (41) expression -> . STRING
    (42) expression -> . TRUE
    (43) expression -> . FALSE
    (44) expression -> . IDENTIFIER
    (45) expression -> . LBRACKET arg_list RBRACKET
    (46) expression -> . expression LBRACKET expression RBRACKET
    (50) expression -> . IDENTIFIER LPAREN arg_list RPAREN

    NOT             shift and go to state 16
    LPAREN          shift and go to state 17
    NUMBER          shift and go to state 18
    STRING          shift and go to state 19
    TRUE            shift and go to state 20
    FALSE           shift and go to state 21
    IDENTIFIER      shift and go to state 22
    LBRACKET        shift and go to state 23

    expression                     shift and go to state 68

state 38

    (29) expression -> expression MODULO . expression
    (25) expression -> . expression PLUS expression
    (26) expression -> . expression MINUS expression
    (27) expression -> . expression TIMES expression
    (28) expression -> . expression DIVIDE expression
    (29) expression -> . expression MODULO expression
    (30) expression -> . expression GT expression
    (31) expression -> . expression LT expression
    (32) expression -> . expression GE expression
    (33) expression -> . expression LE expression
    (34) expression -> . expression EQ expression
    (35) expression -> . expression NE expression
    (36) expression -> . expression AND expression
    (37) expression -> . expression OR expression
    (38) expression -> . NOT expression
    (39) expression -> . LPAREN expression RPAREN
    (40) expression -> . NUMBER
    (41) expression -> . STRING
    (42) expression -> . TRUE
    (43) expression -> . FALSE
    (44) expression -> . IDENTIFIER
    (45) expression -> . LBRACKET arg_list RBRACKET
    (46) expression -> . expression LBRACKET expression RBRACKET
    (50) expression -> . IDENTIFIER LPAREN arg_list RPAREN

    NOT             shift and go to state 16
    LPAREN          shift and go to state 17
    NUMBER          shift and go to state 18
    STRING          shift and go to state 19
    TRUE            shift and go to state 20
    FALSE           shift and go to state 21
    IDENTIFIER      shift and go to state 22
    LBRACKET        shift and go to state 23

    expression                     shift and go to state 69

state 39

    (30) expression -> expression GT . expression
    (25) expression -> . expression PLUS expression
    (26) expression -> . expression MINUS expression
    (27) expression -> . expression TIMES expression
    (28) expression -> . expression DIVIDE expression
    (29) expression -> . expression MODULO expression
    (30) expression -> . expression GT expression
    (31) expression -> . expression LT expression
    (32) expression -> . expression GE expression
    (33) expression -> . expression LE expression
    (34) expression -> . expression EQ expression
    (35) expression -> . expression NE expression
    (36) expression -> . expression AND expression
    (37) expression -> . expression OR expression
    (38) expression -> . NOT expression
    (39) expression -> . LPAREN expression RPAREN
    (40) expression -> . NUMBER
    (41) expression -> . STRING
    (42) expression -> . TRUE
    (43) expression -> . FALSE
    (44) expression -> . IDENTIFIER
    (45) expression -> . LBRACKET arg_list RBRACKET
    (46) expression -> . expression LBRACKET expression RBRACKET
    (50) expression -> . IDENTIFIER LPAREN arg_list RPAREN

    NOT             shift and go to state 16
    LPAREN          shift and go to state 17
    NUMBER          shift and go to state 18
    STRING          shift and go to state 19
    TRUE            shift and go to state 20
    FALSE           shift and go to state 21
    IDENTIFIER      shift and go to state 22
    LBRACKET        shift and go to state 23

    expression                     shift and go to state 70

state 40

    (31) expression -> expression LT . expression
    (25) expression -> . expression PLUS expression
    (26) expression -> . expression MINUS expression
    (27) expression -> . expression TIMES expression
    (28) expression -> . expression DIVIDE expression
    (29) expression -> . expression MODULO expression
    (30) expression -> . expression GT expression
    (31) expression -> . expression LT expression
    (32) expression -> . expression GE expression
    (33) expression -> . expression LE expression
    (34) expression -> . expression EQ expression
    (35) expression -> . expression NE expression
    (36) expression -> . expression AND expression
    (37) expression -> . expression OR expression
    (38) expression -> . NOT expression
    (39) expression -> . LPAREN expression RPAREN
    (40) expression -> . NUMBER
    (41) expression -> . STRING
    (42) expression -> . TRUE
    (43) expression -> . FALSE
    (44) expression -> . IDENTIFIER
    (45) expression -> . LBRACKET arg_list RBRACKET
    (46) expression -> . expression LBRACKET expression RBRACKET
    (50) expression -> . IDENTIFIER LPAREN arg_list RPAREN

    NOT             shift and go to state 16
    LPAREN          shift and go to state 17
    NUMBER          shift and go to state 18
    STRING          shift and go to state 19
    TRUE            shift and go to state 20
    FALSE           shift and go to state 21
    IDENTIFIER      shift and go to state 22
    LBRACKET        shift and go to state 23

    expression                     shift and go to state 71

state 41

    (32) expression -> expression GE . expression
    (25) expression -> . expression PLUS expression
    (26) expression -> . expression MINUS expression
    (27) expression -> . expression TIMES expression
    (28) expression -> . expression DIVIDE expression
    (29) expression -> . expression MODULO expression
    (30) expression -> . expression GT expression
    (31) expression -> . expression LT expression
    (32) expression -> . expression GE expression
    (33) expression -> . expression LE expression
    (34) expression -> . expression EQ expression
    (35) expression -> . expression NE expression
    (36) expression -> . expression AND expression
    (37) expression -> . expression OR expression
    (38) expression -> . NOT expression
    (39) expression -> . LPAREN expression RPAREN
    (40) expression -> . NUMBER
    (41) expression -> . STRING
    (42) expression -> . TRUE
    (43) expression -> . FALSE
    (44) expression -> . IDENTIFIER
    (45) expression -> . LBRACKET arg_list RBRACKET
    (46) expression -> . expression LBRACKET expression RBRACKET
    (50) expression -> . IDENTIFIER LPAREN arg_list RPAREN

    NOT             shift and go to state 16
    LPAREN          shift and go to state 17
    NUMBER          shift and go to state 18
    STRING          shift and go to state 19
    TRUE            shift and go to state 20
    FALSE           shift and go to state 21
    IDENTIFIER      shift and go to state 22
    LBRACKET        shift and go to state 23

    expression                     shift and go to state 72

state 42

    (33) expression -> expression LE . expression
    (25) expression -> . expression PLUS expression
    (26) expression -> . expression MINUS expression
    (27) expression -> . expression TIMES expression
    (28) expression -> . expression DIVIDE expression
    (29) expression -> . expression MODULO expression
    (30) expression -> . expression GT expression
    (31) expression -> . expression LT expression
    (32) expression -> . expression GE expression
    (33) expression -> . expression LE expression
    (34) expression -> . expression EQ expression
    (35) expression -> . expression NE expression
    (36) expression -> . expression AND expression
    (37) expression -> . expression OR expression
    (38) expression -> . NOT expression
    (39) expression -> . LPAREN expression RPAREN
    (40) expression -> . NUMBER
    (41) expression -> . STRING
    (42) expression -> . TRUE
    (43) expression -> . FALSE
    (44) expression -> . IDENTIFIER
    (45) expression -> . LBRACKET arg_list RBRACKET
    (46) expression -> . expression LBRACKET expression RBRACKET
    (50) expression -> . IDENTIFIER LPAREN arg_list RPAREN

    NOT             shift and go to state 16
    LPAREN          shift and go to state 17
    NUMBER          shift and go to state 18
    STRING          shift and go to state 19
    TRUE            shift and go to state 20
    FALSE           shift and go to state 21
    IDENTIFIER      shift and go to state 22
    LBRACKET        shift and go to state 23

    expression                     shift and go to state 73

state 43

    (34) expression -> expression EQ . expression
    (25) expression -> . expression PLUS expression
    (26) expression -> . expression MINUS expression
    (27) expression -> . expression TIMES expression
    (28) expression -> . expression DIVIDE expression
    (29) expression -> . expression MODULO expression
    (30) expression -> . expression GT expression
    (31) expression -> . expression LT expression
    (32) expression -> . expression GE expression
    (33) expression -> . expression LE expression
    (34) expression -> . expression EQ expression
    (35) expression -> . expression NE expression
    (36) expression -> . expression AND expression
    (37) expression -> . expression OR expression
    (38) expression -> . NOT expression
    (39) expression -> . LPAREN expression RPAREN
    (40) expression -> . NUMBER
    (41) expression -> . STRING
    (42) expression -> . TRUE
    (43) expression -> . FALSE
    (44) expression -> . IDENTIFIER
    (45) expression -> . LBRACKET arg_list RBRACKET
    (46) expression -> . expression LBRACKET expression RBRACKET
    (50) expression -> . IDENTIFIER LPAREN arg_list RPAREN

    NOT             shift and go to state 16
    LPAREN          shift and go to state 17
    NUMBER          shift and go to state 18
    STRING          shift and go to state 19
    TRUE            shift and go to state 20
    FALSE           shift and go to state 21
    IDENTIFIER      shift and go to state 22
    LBRACKET        shift and go to state 23

    expression                     shift and go to state 74

state 44

    (35) expression -> expression NE . expression
    (25) expression -> . expression PLUS expression
    (26) expression -> . expression MINUS expression
    (27) expression -> . expression TIMES expression
    (28) expression -> . expression DIVIDE expression
    (29) expression -> . expression MODULO expression
    (30) expression -> . expression GT expression
    (31) expression -> . expression LT expression
    (32) expression -> . expression GE expression
    (33) expression -> . expression LE expression
    (34) expression -> . expression EQ expression
    (35) expression -> . expression NE expression
    (36) expression -> . expression AND expression
    (37) expression -> . expression OR expression
    (38) expression -> . NOT expression
    (39) expression -> . LPAREN expression RPAREN
    (40) expression -> . NUMBER
    (41) expression -> . STRING
    (42) expression -> . TRUE
    (43) expression -> . FALSE
    (44) expression -> . IDENTIFIER
    (45) expression -> . LBRACKET arg_list RBRACKET
    (46) expression -> . expression LBRACKET expression RBRACKET
    (50) expression -> . IDENTIFIER LPAREN arg_list RPAREN

    NOT             shift and go to state 16
    LPAREN          shift and go to state 17
    NUMBER          shift and go to state 18
    STRING          shift and go to state 19
    TRUE            shift and go to state 20
    FALSE           shift and go to state 21
    IDENTIFIER      shift and go to state 22
    LBRACKET        shift and go to state 23

    expression                     shift and go to state 75

state 45

    (36) expression -> expression AND . expression
    (25) expression -> . expression PLUS expression
    (26) expression -> . expression MINUS expression
    (27) expression -> . expression TIMES expression
    (28) expression -> . expression DIVIDE expression
    (29) expression -> . expression MODULO expression
    (30) expression -> . expression GT expression
    (31) expression -> . expression LT expression
    (32) expression -> . expression GE expression
    (33) expression -> . expression LE expression
    (34) expression -> . expression EQ expression
    (35) expression -> . expression NE expression
    (36) expression -> . expression AND expression
    (37) expression -> . expression OR expression
    (38) expression -> . NOT expression
    (39) expression -> . LPAREN expression RPAREN
    (40) expression -> . NUMBER
    (41) expression -> . STRING
    (42) expression -> . TRUE
    (43) expression -> . FALSE
    (44) expression -> . IDENTIFIER
    (45) expression -> . LBRACKET arg_list RBRACKET
    (46) expression -> . expression LBRACKET expression RBRACKET
    (50) expression -> . IDENTIFIER LPAREN arg_list RPAREN

    NOT             shift and go to state 16
    LPAREN          shift and go to state 17
    NUMBER          shift and go to state 18
    STRING          shift and go to state 19
    TRUE            shift and go to state 20
    FALSE           shift and go to state 21
    IDENTIFIER      shift and go to state 22
    LBRACKET        shift and go to state 23

    expression                     shift and go to state 76

state 46

    (37) expression -> expression OR . expression
    (25) expression -> . expression PLUS expression
    (26) expression -> . expression MINUS expression
    (27) expression -> . expression TIMES expression
    (28) expression -> . expression DIVIDE expression
    (29) expression -> . expression MODULO expression
    (30) expression -> . expression GT expression
    (31) expression -> . expression LT expression
    (32) expression -> . expression GE expression
    (33) expression -> . expression LE expression
    (34) expression -> . expression EQ expression
    (35) expression -> . expression NE expression
    (36) expression -> . expression AND expression
    (37) expression -> . expression OR expression
    (38) expression -> . NOT expression
    (39) expression -> . LPAREN expression RPAREN
    (40) expression -> . NUMBER
    (41) expression -> . STRING
    (42) expression -> . TRUE
    (43) expression -> . FALSE
    (44) expression -> . IDENTIFIER
    (45) expression -> . LBRACKET arg_list RBRACKET
    (46) expression -> . expression LBRACKET expression RBRACKET
    (50) expression -> . IDENTIFIER LPAREN arg_list RPAREN

    NOT             shift and go to state 16
    LPAREN          shift and go to state 17
    NUMBER          shift and go to state 18
    STRING          shift and go to state 19
    TRUE            shift and go to state 20
    FALSE           shift and go to state 21
    IDENTIFIER      shift and go to state 22
    LBRACKET        shift and go to state 23

    expression                     shift and go to state 77

state 47

    (46) expression -> expression LBRACKET . expression RBRACKET
    (25) expression -> . expression PLUS expression
    (26) expression -> . expression MINUS expression
    (27) expression -> . expression TIMES expression
    (28) expression -> . expression DIVIDE expression
    (29) expression -> . expression MODULO expression
    (30) expression -> . expression GT expression
    (31) expression -> . expression LT expression
    (32) expression -> . expression GE expression
    (33) expression -> . expression LE expression
    (34) expression -> . expression EQ expression
    (35) expression -> . expression NE expression
    (36) expression -> . expression AND expression
    (37) expression -> . expression OR expression
    (38) expression -> . NOT expression
    (39) expression -> . LPAREN expression RPAREN
    (40) expression -> . NUMBER
    (41) expression -> . STRING
    (42) expression -> . TRUE
    (43) expression -> . FALSE
    (44) expression -> . IDENTIFIER
    (45) expression -> . LBRACKET arg_list RBRACKET
    (46) expression -> . expression LBRACKET expression RBRACKET
    (50) expression -> . IDENTIFIER LPAREN arg_list RPAREN

    NOT             shift and go to state 16
    LPAREN          shift and go to state 17
    NUMBER          shift and go to state 18
    STRING          shift and go to state 19
    TRUE            shift and go to state 20
    FALSE           shift and go to state 21
    IDENTIFIER      shift and go to state 22
    LBRACKET        shift and go to state 23

    expression                     shift and go to state 78

state 48

    (38) expression -> NOT expression .
    (25) expression -> expression . PLUS expression
    (26) expression -> expression . MINUS expression
    (27) expression -> expression . TIMES expression
    (28) expression -> expression . DIVIDE expression
    (29) expression -> expression . MODULO expression
    (30) expression -> expression . GT expression
    (31) expression -> expression . LT expression
    (32) expression -> expression . GE expression
    (33) expression -> expression . LE expression
    (34) expression -> expression . EQ expression
    (35) expression -> expression . NE expression
    (36) expression -> expression . AND expression
    (37) expression -> expression . OR expression
    (46) expression -> expression . LBRACKET expression RBRACKET

    THEN            reduce using rule 38 (expression -> NOT expression .)
    LBRACE          reduce using rule 38 (expression -> NOT expression .)
    IF              reduce using rule 38 (expression -> NOT expression .)
    VAR             reduce using rule 38 (expression -> NOT expression .)
    IDENTIFIER      reduce using rule 38 (expression -> NOT expression .)
    WHILE           reduce using rule 38 (expression -> NOT expression .)
    FOR             reduce using rule 38 (expression -> NOT expression .)
    BREAK           reduce using rule 38 (expression -> NOT expression .)
    CONTINUE        reduce using rule 38 (expression -> NOT expression .)
    PRINT           reduce using rule 38 (expression -> NOT expression .)
    RETURN          reduce using rule 38 (expression -> NOT expression .)
    FUNCTION        reduce using rule 38 (expression -> NOT expression .)
    $end            reduce using rule 38 (expression -> NOT expression .)
    RBRACE          reduce using rule 38 (expression -> NOT expression .)
    RPAREN          reduce using rule 38 (expression -> NOT expression .)
    RBRACKET        reduce using rule 38 (expression -> NOT expression .)
    COMMA           reduce using rule 38 (expression -> NOT expression .)
    SEMICOLON       reduce using rule 38 (expression -> NOT expression .)
    PLUS            shift and go to state 34
    MINUS           shift and go to state 35
    TIMES           shift and go to state 36
    DIVIDE          shift and go to state 37
    MODULO          shift and go to state 38
    GT              shift and go to state 39
    LT              shift and go to state 40
    GE              shift and go to state 41
    LE              shift and go to state 42
    EQ              shift and go to state 43
    NE              shift and go to state 44
    AND             shift and go to state 45
    OR              shift and go to state 46
    LBRACKET        shift and go to state 47

  ! PLUS            [ reduce using rule 38 (expression -> NOT expression .) ]
  ! MINUS           [ reduce using rule 38 (expression -> NOT expression .) ]
  ! TIMES           [ reduce using rule 38 (expression -> NOT expression .) ]
  ! DIVIDE          [ reduce using rule 38 (expression -> NOT expression .) ]
  ! MODULO          [ reduce using rule 38 (expression -> NOT expression .) ]
  ! GT              [ reduce using rule 38 (expression -> NOT expression .) ]
  ! LT              [ reduce using rule 38 (expression -> NOT expression .) ]
  ! GE              [ reduce using rule 38 (expression -> NOT expression .) ]
  ! LE              [ reduce using rule 38 (expression -> NOT expression .) ]
  ! EQ              [ reduce using rule 38 (expression -> NOT expression .) ]
  ! NE              [ reduce using rule 38 (expression -> NOT expression .) ]
  ! AND             [ reduce using rule 38 (expression -> NOT expression .) ]
  ! OR              [ reduce using rule 38 (expression -> NOT expression .) ]
  ! LBRACKET        [ reduce using rule 38 (expression -> NOT expression .) ]


state 49

    (39) expression -> LPAREN expression . RPAREN
    (25) expression -> expression . PLUS expression
    (26) expression -> expression . MINUS expression
    (27) expression -> expression . TIMES expression
    (28) expression -> expression . DIVIDE expression
    (29) expression -> expression . MODULO expression
    (30) expression -> expression . GT expression
    (31) expression -> expression . LT expression
    (32) expression -> expression . GE expression
    (33) expression -> expression . LE expression
    (34) expression -> expression . EQ expression
    (35) expression -> expression . NE expression
    (36) expression -> expression . AND expression
    (37) expression -> expression . OR expression
    (46) expression -> expression . LBRACKET expression RBRACKET

    RPAREN          shift and go to state 79
    PLUS            shift and go to state 34
    MINUS           shift and go to state 35
    TIMES           shift and go to state 36
    DIVIDE          shift and go to state 37
    MODULO          shift and go to state 38
    GT              shift and go to state 39
    LT              shift and go to state 40
    GE              shift and go to state 41
    LE              shift and go to state 42
    EQ              shift and go to state 43
    NE              shift and go to state 44
    AND             shift and go to state 45
    OR              shift and go to state 46
    LBRACKET        shift and go to state 47


state 50

    (50) expression -> IDENTIFIER LPAREN . arg_list RPAREN
    (47) arg_list -> . expression
    (48) arg_list -> . arg_list COMMA expression
    (49) arg_list -> .
    (25) expression -> . expression PLUS expression
    (26) expression -> . expression MINUS expression
    (27) expression -> . expression TIMES expression
    (28) expression -> . expression DIVIDE expression
    (29) expression -> . expression MODULO expression
    (30) expression -> . expression GT expression
    (31) expression -> . expression LT expression
    (32) expression -> . expression GE expression
    (33) expression -> . expression LE expression
    (34) expression -> . expression EQ expression
    (35) expression -> . expression NE expression
    (36) expression -> . expression AND expression
    (37) expression -> . expression OR expression
    (38) expression -> . NOT expression
    (39) expression -> . LPAREN expression RPAREN
    (40) expression -> . NUMBER
    (41) expression -> . STRING
    (42) expression -> . TRUE
    (43) expression -> . FALSE
    (44) expression -> . IDENTIFIER
    (45) expression -> . LBRACKET arg_list RBRACKET
    (46) expression -> . expression LBRACKET expression RBRACKET
    (50) expression -> . IDENTIFIER LPAREN arg_list RPAREN

    RPAREN          reduce using rule 49 (arg_list -> .)
    COMMA           reduce using rule 49 (arg_list -> .)
    NOT             shift and go to state 16
    LPAREN          shift and go to state 17
    NUMBER          shift and go to state 18
    STRING          shift and go to state 19
    TRUE            shift and go to state 20
    FALSE           shift and go to state 21
    IDENTIFIER      shift and go to state 22
    LBRACKET        shift and go to state 23

    arg_list                       shift and go to state 80
    expression                     shift and go to state 52

state 51

    (45) expression -> LBRACKET arg_list . RBRACKET
    (48) arg_list -> arg_list . COMMA expression

    RBRACKET        shift and go to state 81
    COMMA           shift and go to state 82


state 52

    (47) arg_list -> expression .
    (25) expression -> expression . PLUS expression
    (26) expression -> expression . MINUS expression
    (27) expression -> expression . TIMES expression
    (28) expression -> expression . DIVIDE expression
    (29) expression -> expression . MODULO expression
    (30) expression -> expression . GT expression
    (31) expression -> expression . LT expression
    (32) expression -> expression . GE expression
    (33) expression -> expression . LE expression
    (34) expression -> expression . EQ expression
    (35) expression -> expression . NE expression
    (36) expression -> expression . AND expression
    (37) expression -> expression . OR expression
    (46) expression -> expression . LBRACKET expression RBRACKET

    RBRACKET        reduce using rule 47 (arg_list -> expression .)
    COMMA           reduce using rule 47 (arg_list -> expression .)
    RPAREN          reduce using rule 47 (arg_list -> expression .)
    PLUS            shift and go to state 34
    MINUS           shift and go to state 35
    TIMES           shift and go to state 36
    DIVIDE          shift and go to state 37
    MODULO          shift and go to state 38
    GT              shift and go to state 39
    LT              shift and go to state 40
    GE              shift and go to state 41
    LE              shift and go to state 42
    EQ              shift and go to state 43
    NE              shift and go to state 44
    AND             shift and go to state 45
    OR              shift and go to state 46
    LBRACKET        shift and go to state 47


state 53

    (9) statement -> VAR IDENTIFIER EQUALS . expression
    (25) expression -> . expression PLUS expression
    (26) expression -> . expression MINUS expression
    (27) expression -> . expression TIMES expression
    (28) expression -> . expression DIVIDE expression
    (29) expression -> . expression MODULO expression
    (30) expression -> . expression GT expression
    (31) expression -> . expression LT expression
    (32) expression -> . expression GE expression
    (33) expression -> . expression LE expression
    (34) expression -> . expression EQ expression
    (35) expression -> . expression NE expression
    (36) expression -> . expression AND expression
    (37) expression -> . expression OR expression
    (38) expression -> . NOT expression
    (39) expression -> . LPAREN expression RPAREN
    (40) expression -> . NUMBER
    (41) expression -> . STRING
    (42) expression -> . TRUE
    (43) expression -> . FALSE
    (44) expression -> . IDENTIFIER
    (45) expression -> . LBRACKET arg_list RBRACKET
    (46) expression -> . expression LBRACKET expression RBRACKET
    (50) expression -> . IDENTIFIER LPAREN arg_list RPAREN

    NOT             shift and go to state 16
    LPAREN          shift and go to state 17
    NUMBER          shift and go to state 18
    STRING          shift and go to state 19
    TRUE            shift and go to state 20
    FALSE           shift and go to state 21
    IDENTIFIER      shift and go to state 22
    LBRACKET        shift and go to state 23

    expression                     shift and go to state 83

state 54

    (10) statement -> IDENTIFIER EQUALS expression .
    (25) expression -> expression . PLUS expression
    (26) expression -> expression . MINUS expression
    (27) expression -> expression . TIMES expression
    (28) expression -> expression . DIVIDE expression
    (29) expression -> expression . MODULO expression
    (30) expression -> expression . GT expression
    (31) expression -> expression . LT expression
    (32) expression -> expression . GE expression
    (33) expression -> expression . LE expression
    (34) expression -> expression . EQ expression
    (35) expression -> expression . NE expression
    (36) expression -> expression . AND expression
    (37) expression -> expression . OR expression
    (46) expression -> expression . LBRACKET expression RBRACKET

    IF              reduce using rule 10 (statement -> IDENTIFIER EQUALS expression .)
    VAR             reduce using rule 10 (statement -> IDENTIFIER EQUALS expression .)
    IDENTIFIER      reduce using rule 10 (statement -> IDENTIFIER EQUALS expression .)
    WHILE           reduce using rule 10 (statement -> IDENTIFIER EQUALS expression .)
    FOR             reduce using rule 10 (statement -> IDENTIFIER EQUALS expression .)
    BREAK           reduce using rule 10 (statement -> IDENTIFIER EQUALS expression .)
    CONTINUE        reduce using rule 10 (statement -> IDENTIFIER EQUALS expression .)
    PRINT           reduce using rule 10 (statement -> IDENTIFIER EQUALS expression .)
    RETURN          reduce using rule 10 (statement -> IDENTIFIER EQUALS expression .)
    FUNCTION        reduce using rule 10 (statement -> IDENTIFIER EQUALS expression .)
    $end            reduce using rule 10 (statement -> IDENTIFIER EQUALS expression .)
    RBRACE          reduce using rule 10 (statement -> IDENTIFIER EQUALS expression .)
    PLUS            shift and go to state 34
    MINUS           shift and go to state 35
    TIMES           shift and go to state 36
    DIVIDE          shift and go to state 37
    MODULO          shift and go to state 38
    GT              shift and go to state 39
    LT              shift and go to state 40
    GE              shift and go to state 41
    LE              shift and go to state 42
    EQ              shift and go to state 43
    NE              shift and go to state 44
    AND             shift and go to state 45
    OR              shift and go to state 46
    LBRACKET        shift and go to state 47


state 55

    (11) statement -> IDENTIFIER LBRACKET expression . RBRACKET EQUALS expression
    (25) expression -> expression . PLUS expression
    (26) expression -> expression . MINUS expression
    (27) expression -> expression . TIMES expression
    (28) expression -> expression . DIVIDE expression
    (29) expression -> expression . MODULO expression
    (30) expression -> expression . GT expression
    (31) expression -> expression . LT expression
    (32) expression -> expression . GE expression
    (33) expression -> expression . LE expression
    (34) expression -> expression . EQ expression
    (35) expression -> expression . NE expression
    (36) expression -> expression . AND expression
    (37) expression -> expression . OR expression
    (46) expression -> expression . LBRACKET expression RBRACKET

    RBRACKET        shift and go to state 84
    PLUS            shift and go to state 34
    MINUS           shift and go to state 35
    TIMES           shift and go to state 36
    DIVIDE          shift and go to state 37
    MODULO          shift and go to state 38
    GT              shift and go to state 39
    LT              shift and go to state 40
    GE              shift and go to state 41
    LE              shift and go to state 42
    EQ              shift and go to state 43
    NE              shift and go to state 44
    AND             shift and go to state 45
    OR              shift and go to state 46
    LBRACKET        shift and go to state 47


state 56

    (20) statement -> IDENTIFIER LPAREN arg_list . RPAREN
    (48) arg_list -> arg_list . COMMA expression

    RPAREN          shift and go to state 85
    COMMA           shift and go to state 82


state 57

    (12) statement -> WHILE expression block .

    IF              reduce using rule 12 (statement -> WHILE expression block .)
    VAR             reduce using rule 12 (statement -> WHILE expression block .)
    IDENTIFIER      reduce using rule 12 (statement -> WHILE expression block .)
    WHILE           reduce using rule 12 (statement -> WHILE expression block .)
    FOR             reduce using rule 12 (statement -> WHILE expression block .)
    BREAK           reduce using rule 12 (statement -> WHILE expression block .)
    CONTINUE        reduce using rule 12 (statement -> WHILE expression block .)
    PRINT           reduce using rule 12 (statement -> WHILE expression block .)
    RETURN          reduce using rule 12 (statement -> WHILE expression block .)
    FUNCTION        reduce using rule 12 (statement -> WHILE expression block .)
    $end            reduce using rule 12 (statement -> WHILE expression block .)
    RBRACE          reduce using rule 12 (statement -> WHILE expression block .)


state 58

    (4) block -> LBRACE . statement_list RBRACE
    (5) block -> LBRACE . RBRACE
    (2) statement_list -> . statement
    (3) statement_list -> . statement_list statement
    (6) statement -> . IF expression THEN block
    (7) statement -> . IF expression THEN block ELSE block
    (8) statement -> . IF expression THEN block ELSE statement
    (9) statement -> . VAR IDENTIFIER EQUALS expression
    (10) statement -> . IDENTIFIER EQUALS expression
    (11) statement -> . IDENTIFIER LBRACKET expression RBRACKET EQUALS expression
    (12) statement -> . WHILE expression block
    (15) statement -> . FOR LPAREN for_init SEMICOLON expression SEMICOLON for_init RPAREN block
    (16) statement -> . BREAK
    (17) statement -> . CONTINUE
    (18) statement -> . PRINT LPAREN expression RPAREN
    (19) statement -> . RETURN expression
    (20) statement -> . IDENTIFIER LPAREN arg_list RPAREN
    (24) statement -> . FUNCTION IDENTIFIER LPAREN param_list RPAREN block

    RBRACE          shift and go to state 87
    IF              shift and go to state 4
    VAR             shift and go to state 5
    IDENTIFIER      shift and go to state 6
    WHILE           shift and go to state 7
    FOR             shift and go to state 8
    BREAK           shift and go to state 9
    CONTINUE        shift and go to state 10
    PRINT           shift and go to state 11
    RETURN          shift and go to state 12
    FUNCTION        shift and go to state 13

    statement_list                 shift and go to state 86
    statement                      shift and go to state 3

state 59

    (15) statement -> FOR LPAREN for_init . SEMICOLON expression SEMICOLON for_init RPAREN block

    SEMICOLON       shift and go to state 88


state 60

    (13) for_init -> VAR . IDENTIFIER EQUALS expression

    IDENTIFIER      shift and go to state 89


state 61

    (14) for_init -> IDENTIFIER . EQUALS expression

    EQUALS          shift and go to state 90


state 62

    (18) statement -> PRINT LPAREN expression . RPAREN
    (25) expression -> expression . PLUS expression
    (26) expression -> expression . MINUS expression
    (27) expression -> expression . TIMES expression
    (28) expression -> expression . DIVIDE expression
    (29) expression -> expression . MODULO expression
    (30) expression -> expression . GT expression
    (31) expression -> expression . LT expression
    (32) expression -> expression . GE expression
    (33) expression -> expression . LE expression
    (34) expression -> expression . EQ expression
    (35) expression -> expression . NE expression
    (36) expression -> expression . AND expression
    (37) expression -> expression . OR expression
    (46) expression -> expression . LBRACKET expression RBRACKET

    RPAREN          shift and go to state 91
    PLUS            shift and go to state 34
    MINUS           shift and go to state 35
    TIMES           shift and go to state 36
    DIVIDE          shift and go to state 37
    MODULO          shift and go to state 38
    GT              shift and go to state 39
    LT              shift and go to state 40
    GE              shift and go to state 41
    LE              shift and go to state 42
    EQ              shift and go to state 43
    NE              shift and go to state 44
    AND             shift and go to state 45
    OR              shift and go to state 46
    LBRACKET        shift and go to state 47


state 63

    (24) statement -> FUNCTION IDENTIFIER LPAREN . param_list RPAREN block
    (21) param_list -> . IDENTIFIER
    (22) param_list -> . param_list COMMA IDENTIFIER
    (23) param_list -> .

    IDENTIFIER      shift and go to state 92
    RPAREN          reduce using rule 23 (param_list -> .)
    COMMA           reduce using rule 23 (param_list -> .)

    param_list                     shift and go to state 93

state 64

    (6) statement -> IF expression THEN block .
    (7) statement -> IF expression THEN block . ELSE block
    (8) statement -> IF expression THEN block . ELSE statement

    IF              reduce using rule 6 (statement -> IF expression THEN block .)
    VAR             reduce using rule 6 (statement -> IF expression THEN block .)
    IDENTIFIER      reduce using rule 6 (statement -> IF expression THEN block .)
    WHILE           reduce using rule 6 (statement -> IF expression THEN block .)
    FOR             reduce using rule 6 (statement -> IF expression THEN block .)
    BREAK           reduce using rule 6 (statement -> IF expression THEN block .)
    CONTINUE        reduce using rule 6 (statement -> IF expression THEN block .)
    PRINT           reduce using rule 6 (statement -> IF expression THEN block .)
    RETURN          reduce using rule 6 (statement -> IF expression THEN block .)
    FUNCTION        reduce using rule 6 (statement -> IF expression THEN block .)
    $end            reduce using rule 6 (statement -> IF expression THEN block .)
    RBRACE          reduce using rule 6 (statement -> IF expression THEN block .)
    ELSE            shift and go to state 94


state 65

    (25) expression -> expression PLUS expression .
    (25) expression -> expression . PLUS expression
    (26) expression -> expression . MINUS expression
    (27) expression -> expression . TIMES expression
    (28) expression -> expression . DIVIDE expression
    (29) expression -> expression . MODULO expression
    (30) expression -> expression . GT expression
    (31) expression -> expression . LT expression
    (32) expression -> expression . GE expression
    (33) expression -> expression . LE expression
    (34) expression -> expression . EQ expression
    (35) expression -> expression . NE expression
    (36) expression -> expression . AND expression
    (37) expression -> expression . OR expression
    (46) expression -> expression . LBRACKET expression RBRACKET

    THEN            reduce using rule 25 (expression -> expression PLUS expression .)
    PLUS            reduce using rule 25 (expression -> expression PLUS expression .)
    MINUS           reduce using rule 25 (expression -> expression PLUS expression .)
    GT              reduce using rule 25 (expression -> expression PLUS expression .)
    LT              reduce using rule 25 (expression -> expression PLUS expression .)
    GE              reduce using rule 25 (expression -> expression PLUS expression .)
    LE              reduce using rule 25 (expression -> expression PLUS expression .)
    EQ              reduce using rule 25 (expression -> expression PLUS expression .)
    NE              reduce using rule 25 (expression -> expression PLUS expression .)
    AND             reduce using rule 25 (expression -> expression PLUS expression .)
    OR              reduce using rule 25 (expression -> expression PLUS expression .)
    LBRACE          reduce using rule 25 (expression -> expression PLUS expression .)
    IF              reduce using rule 25 (expression -> expression PLUS expression .)
    VAR             reduce using rule 25 (expression -> expression PLUS expression .)
    IDENTIFIER      reduce using rule 25 (expression -> expression PLUS expression .)
    WHILE           reduce using rule 25 (expression -> expression PLUS expression .)
    FOR             reduce using rule 25 (expression -> expression PLUS expression .)
    BREAK           reduce using rule 25 (expression -> expression PLUS expression .)
    CONTINUE        reduce using rule 25 (expression -> expression PLUS expression .)
    PRINT           reduce using rule 25 (expression -> expression PLUS expression .)
    RETURN          reduce using rule 25 (expression -> expression PLUS expression .)
    FUNCTION        reduce using rule 25 (expression -> expression PLUS expression .)
    $end            reduce using rule 25 (expression -> expression PLUS expression .)
    RBRACE          reduce using rule 25 (expression -> expression PLUS expression .)
    RPAREN          reduce using rule 25 (expression -> expression PLUS expression .)
    RBRACKET        reduce using rule 25 (expression -> expression PLUS expression .)
    COMMA           reduce using rule 25 (expression -> expression PLUS expression .)
    SEMICOLON       reduce using rule 25 (expression -> expression PLUS expression .)
    TIMES           shift and go to state 36
    DIVIDE          shift and go to state 37
    MODULO          shift and go to state 38
    LBRACKET        shift and go to state 47

  ! TIMES           [ reduce using rule 25 (expression -> expression PLUS expression .) ]
  ! DIVIDE          [ reduce using rule 25 (expression -> expression PLUS expression .) ]
  ! MODULO          [ reduce using rule 25 (expression -> expression PLUS expression .) ]
  ! LBRACKET        [ reduce using rule 25 (expression -> expression PLUS expression .) ]
  ! PLUS            [ shift and go to state 34 ]
  ! MINUS           [ shift and go to state 35 ]
  ! GT              [ shift and go to state 39 ]
  ! LT              [ shift and go to state 40 ]
  ! GE              [ shift and go to state 41 ]
  ! LE              [ shift and go to state 42 ]
  ! EQ              [ shift and go to state 43 ]
  ! NE              [ shift and go to state 44 ]
  ! AND             [ shift and go to state 45 ]
  ! OR              [ shift and go to state 46 ]


state 66

    (26) expression -> expression MINUS expression .
    (25) expression -> expression . PLUS expression
    (26) expression -> expression . MINUS expression
    (27) expression -> expression . TIMES expression
    (28) expression -> expression . DIVIDE expression
    (29) expression -> expression . MODULO expression
    (30) expression -> expression . GT expression
    (31) expression -> expression . LT expression
    (32) expression -> expression . GE expression
    (33) expression -> expression . LE expression
    (34) expression -> expression . EQ expression
    (35) expression -> expression . NE expression
    (36) expression -> expression . AND expression
    (37) expression -> expression . OR expression
    (46) expression -> expression . LBRACKET expression RBRACKET

    THEN            reduce using rule 26 (expression -> expression MINUS expression .)
    PLUS            reduce using rule 26 (expression -> expression MINUS expression .)
    MINUS           reduce using rule 26 (expression -> expression MINUS expression .)
    GT              reduce using rule 26 (expression -> expression MINUS expression .)
    LT              reduce using rule 26 (expression -> expression MINUS expression .)
    GE              reduce using rule 26 (expression -> expression MINUS expression .)
    LE              reduce using rule 26 (expression -> expression MINUS expression .)
    EQ              reduce using rule 26 (expression -> expression MINUS expression .)
    NE              reduce using rule 26 (expression -> expression MINUS expression .)
    AND             reduce using rule 26 (expression -> expression MINUS expression .)
    OR              reduce using rule 26 (expression -> expression MINUS expression .)
    LBRACE          reduce using rule 26 (expression -> expression MINUS expression .)
    IF              reduce using rule 26 (expression -> expression MINUS expression .)
    VAR             reduce using rule 26 (expression -> expression MINUS expression .)
    IDENTIFIER      reduce using rule 26 (expression -> expression MINUS expression .)
    WHILE           reduce using rule 26 (expression -> expression MINUS expression .)
    FOR             reduce using rule 26 (expression -> expression MINUS expression .)
    BREAK           reduce using rule 26 (expression -> expression MINUS expression .)
    CONTINUE        reduce using rule 26 (expression -> expression MINUS expression .)
    PRINT           reduce using rule 26 (expression -> expression MINUS expression .)
    RETURN          reduce using rule 26 (expression -> expression MINUS expression .)
    FUNCTION        reduce using rule 26 (expression -> expression MINUS expression .)
    $end            reduce using rule 26 (expression -> expression MINUS expression .)
    RBRACE          reduce using rule 26 (expression -> expression MINUS expression .)
    RPAREN          reduce using rule 26 (expression -> expression MINUS expression .)
    RBRACKET        reduce using rule 26 (expression -> expression MINUS expression .)
    COMMA           reduce using rule 26 (expression -> expression MINUS expression .)
    SEMICOLON       reduce using rule 26 (expression -> expression MINUS expression .)
    TIMES           shift and go to state 36
    DIVIDE          shift and go to state 37
    MODULO          shift and go to state 38
    LBRACKET        shift and go to state 47

  ! TIMES           [ reduce using rule 26 (expression -> expression MINUS expression .) ]
  ! DIVIDE          [ reduce using rule 26 (expression -> expression MINUS expression .) ]
  ! MODULO          [ reduce using rule 26 (expression -> expression MINUS expression .) ]
  ! LBRACKET        [ reduce using rule 26 (expression -> expression MINUS expression .) ]
  ! PLUS            [ shift and go to state 34 ]
  ! MINUS           [ shift and go to state 35 ]
  ! GT              [ shift and go to state 39 ]
  ! LT              [ shift and go to state 40 ]
  ! GE              [ shift and go to state 41 ]
  ! LE              [ shift and go to state 42 ]
  ! EQ              [ shift and go to state 43 ]
  ! NE              [ shift and go to state 44 ]
  ! AND             [ shift and go to state 45 ]
  ! OR              [ shift and go to state 46 ]


state 67

    (27) expression -> expression TIMES expression .
    (25) expression -> expression . PLUS expression
    (26) expression -> expression . MINUS expression
    (27) expression -> expression . TIMES expression
    (28) expression -> expression . DIVIDE expression
    (29) expression -> expression . MODULO expression
    (30) expression -> expression . GT expression
    (31) expression -> expression . LT expression
    (32) expression -> expression . GE expression
    (33) expression -> expression . LE expression
    (34) expression -> expression . EQ expression
    (35) expression -> expression . NE expression
    (36) expression -> expression . AND expression
    (37) expression -> expression . OR expression
    (46) expression -> expression . LBRACKET expression RBRACKET

    THEN            reduce using rule 27 (expression -> expression TIMES expression .)
    PLUS            reduce using rule 27 (expression -> expression TIMES expression .)
    MINUS           reduce using rule 27 (expression -> expression TIMES expression .)
    TIMES           reduce using rule 27 (expression -> expression TIMES expression .)
    DIVIDE          reduce using rule 27 (expression -> expression TIMES expression .)
    MODULO          reduce using rule 27 (expression -> expression TIMES expression .)
    GT              reduce using rule 27 (expression -> expression TIMES expression .)
    LT              reduce using rule 27 (expression -> expression TIMES expression .)
    GE              reduce using rule 27 (expression -> expression TIMES expression .)
    LE              reduce using rule 27 (expression -> expression TIMES expression .)
    EQ              reduce using rule 27 (expression -> expression TIMES expression .)
    NE              reduce using rule 27 (expression -> expression TIMES expression .)
    AND             reduce using rule 27 (expression -> expression TIMES expression .)
    OR              reduce using rule 27 (expression -> expression TIMES expression .)
    LBRACE          reduce using rule 27 (expression -> expression TIMES expression .)
    IF              reduce using rule 27 (expression -> expression TIMES expression .)
    VAR             reduce using rule 27 (expression -> expression TIMES expression .)
    IDENTIFIER      reduce using rule 27 (expression -> expression TIMES expression .)
    WHILE           reduce using rule 27 (expression -> expression TIMES expression .)
    FOR             reduce using rule 27 (expression -> expression TIMES expression .)
    BREAK           reduce using rule 27 (expression -> expression TIMES expression .)
    CONTINUE        reduce using rule 27 (expression -> expression TIMES expression .)
    PRINT           reduce using rule 27 (expression -> expression TIMES expression .)
    RETURN          reduce using rule 27 (expression -> expression TIMES expression .)
    FUNCTION        reduce using rule 27 (expression -> expression TIMES expression .)
    $end            reduce using rule 27 (expression -> expression TIMES expression .)
    RBRACE          reduce using rule 27 (expression -> expression TIMES expression .)
    RPAREN          reduce using rule 27 (expression -> expression TIMES expression .)
    RBRACKET        reduce using rule 27 (expression -> expression TIMES expression .)
    COMMA           reduce using rule 27 (expression -> expression TIMES expression .)
    SEMICOLON       reduce using rule 27 (expression -> expression TIMES expression .)
    LBRACKET        shift and go to state 47

  ! LBRACKET        [ reduce using rule 27 (expression -> expression TIMES expression .) ]
  ! PLUS            [ shift and go to state 34 ]
  ! MINUS           [ shift and go to state 35 ]
  ! TIMES           [ shift and go to state 36 ]
  ! DIVIDE          [ shift and go to state 37 ]
  ! MODULO          [ shift and go to state 38 ]
  ! GT              [ shift and go to state 39 ]
  ! LT              [ shift and go to state 40 ]
  ! GE              [ shift and go to state 41 ]
  ! LE              [ shift and go to state 42 ]
  ! EQ              [ shift and go to state 43 ]
  ! NE              [ shift and go to state 44 ]
  ! AND             [ shift and go to state 45 ]
  ! OR              [ shift and go to state 46 ]


state 68

    (28) expression -> expression DIVIDE expression .
    (25) expression -> expression . PLUS expression
    (26) expression -> expression . MINUS expression
    (27) expression -> expression . TIMES expression
    (28) expression -> expression . DIVIDE expression
    (29) expression -> expression . MODULO expression
    (30) expression -> expression . GT expression
    (31) expression -> expression . LT expression
    (32) expression -> expression . GE expression
    (33) expression -> expression . LE expression
    (34) expression -> expression . EQ expression
    (35) expression -> expression . NE expression
    (36) expression -> expression . AND expression
    (37) expression -> expression . OR expression
    (46) expression -> expression . LBRACKET expression RBRACKET

    THEN            reduce using rule 28 (expression -> expression DIVIDE expression .)
    PLUS            reduce using rule 28 (expression -> expression DIVIDE expression .)
    MINUS           reduce using rule 28 (expression -> expression DIVIDE expression .)
    TIMES           reduce using rule 28 (expression -> expression DIVIDE expression .)
    DIVIDE          reduce using rule 28 (expression -> expression DIVIDE expression .)
    MODULO          reduce using rule 28 (expression -> expression DIVIDE expression .)
    GT              reduce using rule 28 (expression -> expression DIVIDE expression .)
    LT              reduce using rule 28 (expression -> expression DIVIDE expression .)
    GE              reduce using rule 28 (expression -> expression DIVIDE expression .)
    LE              reduce using rule 28 (expression -> expression DIVIDE expression .)
    EQ              reduce using rule 28 (expression -> expression DIVIDE expression .)
    NE              reduce using rule 28 (expression -> expression DIVIDE expression .)
    AND             reduce using rule 28 (expression -> expression DIVIDE expression .)
    OR              reduce using rule 28 (expression -> expression DIVIDE expression .)
    LBRACE          reduce using rule 28 (expression -> expression DIVIDE expression .)
    IF              reduce using rule 28 (expression -> expression DIVIDE expression .)
    VAR             reduce using rule 28 (expression -> expression DIVIDE expression .)
    IDENTIFIER      reduce using rule 28 (expression -> expression DIVIDE expression .)
    WHILE           reduce using rule 28 (expression -> expression DIVIDE expression .)
    FOR             reduce using rule 28 (expression -> expression DIVIDE expression .)
    BREAK           reduce using rule 28 (expression -> expression DIVIDE expression .)
    CONTINUE        reduce using rule 28 (expression -> expression DIVIDE expression .)
    PRINT           reduce using rule 28 (expression -> expression DIVIDE expression .)
    RETURN          reduce using rule 28 (expression -> expression DIVIDE expression .)
    FUNCTION        reduce using rule 28 (expression -> expression DIVIDE expression .)
    $end            reduce using rule 28 (expression -> expression DIVIDE expression .)
    RBRACE          reduce using rule 28 (expression -> expression DIVIDE expression .)
    RPAREN          reduce using rule 28 (expression -> expression DIVIDE expression .)
    RBRACKET        reduce using rule 28 (expression -> expression DIVIDE expression .)
    COMMA           reduce using rule 28 (expression -> expression DIVIDE expression .)
    SEMICOLON       reduce using rule 28 (expression -> expression DIVIDE expression .)
    LBRACKET        shift and go to state 47

  ! LBRACKET        [ reduce using rule 28 (expression -> expression DIVIDE expression .) ]
  ! PLUS            [ shift and go to state 34 ]
  ! MINUS           [ shift and go to state 35 ]
  ! TIMES           [ shift and go to state 36 ]
  ! DIVIDE          [ shift and go to state 37 ]
  ! MODULO          [ shift and go to state 38 ]
  ! GT              [ shift and go to state 39 ]
  ! LT              [ shift and go to state 40 ]
  ! GE              [ shift and go to state 41 ]
  ! LE              [ shift and go to state 42 ]
  ! EQ              [ shift and go to state 43 ]
  ! NE              [ shift and go to state 44 ]
  ! AND             [ shift and go to state 45 ]
  ! OR              [ shift and go to state 46 ]


state 69

    (29) expression -> expression MODULO expression .
    (25) expression -> expression . PLUS expression
    (26) expression -> expression . MINUS expression
    (27) expression -> expression . TIMES expression
    (28) expression -> expression . DIVIDE expression
    (29) expression -> expression . MODULO expression
    (30) expression -> expression . GT expression
    (31) expression -> expression . LT expression
    (32) expression -> expression . GE expression
    (33) expression -> expression . LE expression
    (34) expression -> expression . EQ expression
    (35) expression -> expression . NE expression
    (36) expression -> expression . AND expression
    (37) expression -> expression . OR expression
    (46) expression -> expression . LBRACKET expression RBRACKET

    THEN            reduce using rule 29 (expression -> expression MODULO expression .)
    PLUS            reduce using rule 29 (expression -> expression MODULO expression .)
    MINUS           reduce using rule 29 (expression -> expression MODULO expression .)
    TIMES           reduce using rule 29 (expression -> expression MODULO expression .)
    DIVIDE          reduce using rule 29 (expression -> expression MODULO expression .)
    MODULO          reduce using rule 29 (expression -> expression MODULO expression .)
    GT              reduce using rule 29 (expression -> expression MODULO expression .)
    LT              reduce using rule 29 (expression -> expression MODULO expression .)
    GE              reduce using rule 29 (expression -> expression MODULO expression .)
    LE              reduce using rule 29 (expression -> expression MODULO expression .)
    EQ              reduce using rule 29 (expression -> expression MODULO expression .)
    NE              reduce using rule 29 (expression -> expression MODULO expression .)
    AND             reduce using rule 29 (expression -> expression MODULO expression .)
    OR              reduce using rule 29 (expression -> expression MODULO expression .)
    LBRACE          reduce using rule 29 (expression -> expression MODULO expression .)
    IF              reduce using rule 29 (expression -> expression MODULO expression .)
    VAR             reduce using rule 29 (expression -> expression MODULO expression .)
    IDENTIFIER      reduce using rule 29 (expression -> expression MODULO expression .)
    WHILE           reduce using rule 29 (expression -> expression MODULO expression .)
    FOR             reduce using rule 29 (expression -> expression MODULO expression .)
    BREAK           reduce using rule 29 (expression -> expression MODULO expression .)
    CONTINUE        reduce using rule 29 (expression -> expression MODULO expression .)
    PRINT           reduce using rule 29 (expression -> expression MODULO expression .)
    RETURN          reduce using rule 29 (expression -> expression MODULO expression .)
    FUNCTION        reduce using rule 29 (expression -> expression MODULO expression .)
    $end            reduce using rule 29 (expression -> expression MODULO expression .)
    RBRACE          reduce using rule 29 (expression -> expression MODULO expression .)
    RPAREN          reduce using rule 29 (expression -> expression MODULO expression .)
    RBRACKET        reduce using rule 29 (expression -> expression MODULO expression .)
    COMMA           reduce using rule 29 (expression -> expression MODULO expression .)
    SEMICOLON       reduce using rule 29 (expression -> expression MODULO expression .)
    LBRACKET        shift and go to state 47

  ! LBRACKET        [ reduce using rule 29 (expression -> expression MODULO expression .) ]
  ! PLUS            [ shift and go to state 34 ]
  ! MINUS           [ shift and go to state 35 ]
  ! TIMES           [ shift and go to state 36 ]
  ! DIVIDE          [ shift and go to state 37 ]
  ! MODULO          [ shift and go to state 38 ]
  ! GT              [ shift and go to state 39 ]
  ! LT              [ shift and go to state 40 ]
  ! GE              [ shift and go to state 41 ]
  ! LE              [ shift and go to state 42 ]
  ! EQ              [ shift and go to state 43 ]
  ! NE              [ shift and go to state 44 ]
  ! AND             [ shift and go to state 45 ]
  ! OR              [ shift and go to state 46 ]


state 70

    (30) expression -> expression GT expression .
    (25) expression -> expression . PLUS expression
    (26) expression -> expression . MINUS expression
    (27) expression -> expression . TIMES expression
    (28) expression -> expression . DIVIDE expression
    (29) expression -> expression . MODULO expression
    (30) expression -> expression . GT expression
    (31) expression -> expression . LT expression
    (32) expression -> expression . GE expression
    (33) expression -> expression . LE expression
    (34) expression -> expression . EQ expression
    (35) expression -> expression . NE expression
    (36) expression -> expression . AND expression
    (37) expression -> expression . OR expression
    (46) expression -> expression . LBRACKET expression RBRACKET

    THEN            reduce using rule 30 (expression -> expression GT expression .)
    GT              reduce using rule 30 (expression -> expression GT expression .)
    LT              reduce using rule 30 (expression -> expression GT expression .)
    GE              reduce using rule 30 (expression -> expression GT expression .)
    LE              reduce using rule 30 (expression -> expression GT expression .)
    EQ              reduce using rule 30 (expression -> expression GT expression .)
    NE              reduce using rule 30 (expression -> expression GT expression .)
    AND             reduce using rule 30 (expression -> expression GT expression .)
    OR              reduce using rule 30 (expression -> expression GT expression .)
    LBRACE          reduce using rule 30 (expression -> expression GT expression .)
    IF              reduce using rule 30 (expression -> expression GT expression .)
    VAR             reduce using rule 30 (expression -> expression GT expression .)
    IDENTIFIER      reduce using rule 30 (expression -> expression GT expression .)
    WHILE           reduce using rule 30 (expression -> expression GT expression .)
    FOR             reduce using rule 30 (expression -> expression GT expression .)
    BREAK           reduce using rule 30 (expression -> expression GT expression .)
    CONTINUE        reduce using rule 30 (expression -> expression GT expression .)
    PRINT           reduce using rule 30 (expression -> expression GT expression .)
    RETURN          reduce using rule 30 (expression -> expression GT expression .)
    FUNCTION        reduce using rule 30 (expression -> expression GT expression .)
    $end            reduce using rule 30 (expression -> expression GT expression .)
    RBRACE          reduce using rule 30 (expression -> expression GT expression .)
    RPAREN          reduce using rule 30 (expression -> expression GT expression .)
    RBRACKET        reduce using rule 30 (expression -> expression GT expression .)
    COMMA           reduce using rule 30 (expression -> expression GT expression .)
    SEMICOLON       reduce using rule 30 (expression -> expression GT expression .)
    PLUS            shift and go to state 34
    MINUS           shift and go to state 35
    TIMES           shift and go to state 36
    DIVIDE          shift and go to state 37
    MODULO          shift and go to state 38
    LBRACKET        shift and go to state 47

  ! PLUS            [ reduce using rule 30 (expression -> expression GT expression .) ]
  ! MINUS           [ reduce using rule 30 (expression -> expression GT expression .) ]
  ! TIMES           [ reduce using rule 30 (expression -> expression GT expression .) ]
  ! DIVIDE          [ reduce using rule 30 (expression -> expression GT expression .) ]
  ! MODULO          [ reduce using rule 30 (expression -> expression GT expression .) ]
  ! LBRACKET        [ reduce using rule 30 (expression -> expression GT expression .) ]
  ! GT              [ shift and go to state 39 ]
  ! LT              [ shift and go to state 40 ]
  ! GE              [ shift and go to state 41 ]
  ! LE              [ shift and go to state 42 ]
  ! EQ              [ shift and go to state 43 ]
  ! NE              [ shift and go to state 44 ]
  ! AND             [ shift and go to state 45 ]
  ! OR              [ shift and go to state 46 ]


state 71

    (31) expression -> expression LT expression .
    (25) expression -> expression . PLUS expression
    (26) expression -> expression . MINUS expression
    (27) expression -> expression . TIMES expression
    (28) expression -> expression . DIVIDE expression
    (29) expression -> expression . MODULO expression
    (30) expression -> expression . GT expression
    (31) expression -> expression . LT expression
    (32) expression -> expression . GE expression
    (33) expression -> expression . LE expression
    (34) expression -> expression . EQ expression
    (35) expression -> expression . NE expression
    (36) expression -> expression . AND expression
    (37) expression -> expression . OR expression
    (46) expression -> expression . LBRACKET expression RBRACKET

    THEN            reduce using rule 31 (expression -> expression LT expression .)
    GT              reduce using rule 31 (expression -> expression LT expression .)
    LT              reduce using rule 31 (expression -> expression LT expression .)
    GE              reduce using rule 31 (expression -> expression LT expression .)
    LE              reduce using rule 31 (expression -> expression LT expression .)
    EQ              reduce using rule 31 (expression -> expression LT expression .)
    NE              reduce using rule 31 (expression -> expression LT expression .)
    AND             reduce using rule 31 (expression -> expression LT expression .)
    OR              reduce using rule 31 (expression -> expression LT expression .)
    LBRACE          reduce using rule 31 (expression -> expression LT expression .)
    IF              reduce using rule 31 (expression -> expression LT expression .)
    VAR             reduce using rule 31 (expression -> expression LT expression .)
    IDENTIFIER      reduce using rule 31 (expression -> expression LT expression .)
    WHILE           reduce using rule 31 (expression -> expression LT expression .)
    FOR             reduce using rule 31 (expression -> expression LT expression .)
    BREAK           reduce using rule 31 (expression -> expression LT expression .)
    CONTINUE        reduce using rule 31 (expression -> expression LT expression .)
    PRINT           reduce using rule 31 (expression -> expression LT expression .)
    RETURN          reduce using rule 31 (expression -> expression LT expression .)
    FUNCTION        reduce using rule 31 (expression -> expression LT expression .)
    $end            reduce using rule 31 (expression -> expression LT expression .)
    RBRACE          reduce using rule 31 (expression -> expression LT expression .)
    RPAREN          reduce using rule 31 (expression -> expression LT expression .)
    RBRACKET        reduce using rule 31 (expression -> expression LT expression .)
    COMMA           reduce using rule 31 (expression -> expression LT expression .)
    SEMICOLON       reduce using rule 31 (expression -> expression LT expression .)
    PLUS            shift and go to state 34
    MINUS           shift and go to state 35
    TIMES           shift and go to state 36
    DIVIDE          shift and go to state 37
    MODULO          shift and go to state 38
    LBRACKET        shift and go to state 47

  ! PLUS            [ reduce using rule 31 (expression -> expression LT expression .) ]
  ! MINUS           [ reduce using rule 31 (expression -> expression LT expression .) ]
  ! TIMES           [ reduce using rule 31 (expression -> expression LT expression .) ]
  ! DIVIDE          [ reduce using rule 31 (expression -> expression LT expression .) ]
  ! MODULO          [ reduce using rule 31 (expression -> expression LT expression .) ]
  ! LBRACKET        [ reduce using rule 31 (expression -> expression LT expression .) ]
  ! GT              [ shift and go to state 39 ]
  ! LT              [ shift and go to state 40 ]
  ! GE              [ shift and go to state 41 ]
  ! LE              [ shift and go to state 42 ]
  ! EQ              [ shift and go to state 43 ]
  ! NE              [ shift and go to state 44 ]
  ! AND             [ shift and go to state 45 ]
  ! OR              [ shift and go to state 46 ]


state 72

    (32) expression -> expression GE expression .
    (25) expression -> expression . PLUS expression
    (26) expression -> expression . MINUS expression
    (27) expression -> expression . TIMES expression
    (28) expression -> expression . DIVIDE expression
    (29) expression -> expression . MODULO expression
    (30) expression -> expression . GT expression
    (31) expression -> expression . LT expression
    (32) expression -> expression . GE expression
    (33) expression -> expression . LE expression
    (34) expression -> expression . EQ expression
    (35) expression -> expression . NE expression
    (36) expression -> expression . AND expression
    (37) expression -> expression . OR expression
    (46) expression -> expression . LBRACKET expression RBRACKET

    THEN            reduce using rule 32 (expression -> expression GE expression .)
    GT              reduce using rule 32 (expression -> expression GE expression .)
    LT              reduce using rule 32 (expression -> expression GE expression .)
    GE              reduce using rule 32 (expression -> expression GE expression .)
    LE              reduce using rule 32 (expression -> expression GE expression .)
    EQ              reduce using rule 32 (expression -> expression GE expression .)
    NE              reduce using rule 32 (expression -> expression GE expression .)
    AND             reduce using rule 32 (expression -> expression GE expression .)
    OR              reduce using rule 32 (expression -> expression GE expression .)
    LBRACE          reduce using rule 32 (expression -> expression GE expression .)
    IF              reduce using rule 32 (expression -> expression GE expression .)
    VAR             reduce using rule 32 (expression -> expression GE expression .)
    IDENTIFIER      reduce using rule 32 (expression -> expression GE expression .)
    WHILE           reduce using rule 32 (expression -> expression GE expression .)
    FOR             reduce using rule 32 (expression -> expression GE expression .)
    BREAK           reduce using rule 32 (expression -> expression GE expression .)
    CONTINUE        reduce using rule 32 (expression -> expression GE expression .)
    PRINT           reduce using rule 32 (expression -> expression GE expression .)
    RETURN          reduce using rule 32 (expression -> expression GE expression .)
    FUNCTION        reduce using rule 32 (expression -> expression GE expression .)
    $end            reduce using rule 32 (expression -> expression GE expression .)
    RBRACE          reduce using rule 32 (expression -> expression GE expression .)
    RPAREN          reduce using rule 32 (expression -> expression GE expression .)
    RBRACKET        reduce using rule 32 (expression -> expression GE expression .)
    COMMA           reduce using rule 32 (expression -> expression GE expression .)
    SEMICOLON       reduce using rule 32 (expression -> expression GE expression .)
    PLUS            shift and go to state 34
    MINUS           shift and go to state 35
    TIMES           shift and go to state 36
    DIVIDE          shift and go to state 37
    MODULO          shift and go to state 38
    LBRACKET        shift and go to state 47

  ! PLUS            [ reduce using rule 32 (expression -> expression GE expression .) ]
  ! MINUS           [ reduce using rule 32 (expression -> expression GE expression .) ]
  ! TIMES           [ reduce using rule 32 (expression -> expression GE expression .) ]
  ! DIVIDE          [ reduce using rule 32 (expression -> expression GE expression .) ]
  ! MODULO          [ reduce using rule 32 (expression -> expression GE expression .) ]
  ! LBRACKET        [ reduce using rule 32 (expression -> expression GE expression .) ]
  ! GT              [ shift and go to state 39 ]
  ! LT              [ shift and go to state 40 ]
  ! GE              [ shift and go to state 41 ]
  ! LE              [ shift and go to state 42 ]
  ! EQ              [ shift and go to state 43 ]
  ! NE              [ shift and go to state 44 ]
  ! AND             [ shift and go to state 45 ]
  ! OR              [ shift and go to state 46 ]


state 73

    (33) expression -> expression LE expression .
    (25) expression -> expression . PLUS expression
    (26) expression -> expression . MINUS expression
    (27) expression -> expression . TIMES expression
    (28) expression -> expression . DIVIDE expression
    (29) expression -> expression . MODULO expression
    (30) expression -> expression . GT expression
    (31) expression -> expression . LT expression
    (32) expression -> expression . GE expression
    (33) expression -> expression . LE expression
    (34) expression -> expression . EQ expression
    (35) expression -> expression . NE expression
    (36) expression -> expression . AND expression
    (37) expression -> expression . OR expression
    (46) expression -> expression . LBRACKET expression RBRACKET

    THEN            reduce using rule 33 (expression -> expression LE expression .)
    GT              reduce using rule 33 (expression -> expression LE expression .)
    LT              reduce using rule 33 (expression -> expression LE expression .)
    GE              reduce using rule 33 (expression -> expression LE expression .)
    LE              reduce using rule 33 (expression -> expression LE expression .)
    EQ              reduce using rule 33 (expression -> expression LE expression .)
    NE              reduce using rule 33 (expression -> expression LE expression .)
    AND             reduce using rule 33 (expression -> expression LE expression .)
    OR              reduce using rule 33 (expression -> expression LE expression .)
    LBRACE          reduce using rule 33 (expression -> expression LE expression .)
    IF              reduce using rule 33 (expression -> expression LE expression .)
    VAR             reduce using rule 33 (expression -> expression LE expression .)
    IDENTIFIER      reduce using rule 33 (expression -> expression LE expression .)
    WHILE           reduce using rule 33 (expression -> expression LE expression .)
    FOR             reduce using rule 33 (expression -> expression LE expression .)
    BREAK           reduce using rule 33 (expression -> expression LE expression .)
    CONTINUE        reduce using rule 33 (expression -> expression LE expression .)
    PRINT           reduce using rule 33 (expression -> expression LE expression .)
    RETURN          reduce using rule 33 (expression -> expression LE expression .)
    FUNCTION        reduce using rule 33 (expression -> expression LE expression .)
    $end            reduce using rule 33 (expression -> expression LE expression .)
    RBRACE          reduce using rule 33 (expression -> expression LE expression .)
    RPAREN          reduce using rule 33 (expression -> expression LE expression .)
    RBRACKET        reduce using rule 33 (expression -> expression LE expression .)
    COMMA           reduce using rule 33 (expression -> expression LE expression .)
    SEMICOLON       reduce using rule 33 (expression -> expression LE expression .)
    PLUS            shift and go to state 34
    MINUS           shift and go to state 35
    TIMES           shift and go to state 36
    DIVIDE          shift and go to state 37
    MODULO          shift and go to state 38
    LBRACKET        shift and go to state 47

  ! PLUS            [ reduce using rule 33 (expression -> expression LE expression .) ]
  ! MINUS           [ reduce using rule 33 (expression -> expression LE expression .) ]
  ! TIMES           [ reduce using rule 33 (expression -> expression LE expression .) ]
  ! DIVIDE          [ reduce using rule 33 (expression -> expression LE expression .) ]
  ! MODULO          [ reduce using rule 33 (expression -> expression LE expression .) ]
  ! LBRACKET        [ reduce using rule 33 (expression -> expression LE expression .) ]
  ! GT              [ shift and go to state 39 ]
  ! LT              [ shift and go to state 40 ]
  ! GE              [ shift and go to state 41 ]
  ! LE              [ shift and go to state 42 ]
  ! EQ              [ shift and go to state 43 ]
  ! NE              [ shift and go to state 44 ]
  ! AND             [ shift and go to state 45 ]
  ! OR              [ shift and go to state 46 ]


state 74

    (34) expression -> expression EQ expression .
    (25) expression -> expression . PLUS expression
    (26) expression -> expression . MINUS expression
    (27) expression -> expression . TIMES expression
    (28) expression -> expression . DIVIDE expression
    (29) expression -> expression . MODULO expression
    (30) expression -> expression . GT expression
    (31) expression -> expression . LT expression
    (32) expression -> expression . GE expression
    (33) expression -> expression . LE expression
    (34) expression -> expression . EQ expression
    (35) expression -> expression . NE expression
    (36) expression -> expression . AND expression
    (37) expression -> expression . OR expression
    (46) expression -> expression . LBRACKET expression RBRACKET

    THEN            reduce using rule 34 (expression -> expression EQ expression .)
    GT              reduce using rule 34 (expression -> expression EQ expression .)
    LT              reduce using rule 34 (expression -> expression EQ expression .)
    GE              reduce using rule 34 (expression -> expression EQ expression .)
    LE              reduce using rule 34 (expression -> expression EQ expression .)
    EQ              reduce using rule 34 (expression -> expression EQ expression .)
    NE              reduce using rule 34 (expression -> expression EQ expression .)
    AND             reduce using rule 34 (expression -> expression EQ expression .)
    OR              reduce using rule 34 (expression -> expression EQ expression .)
    LBRACE          reduce using rule 34 (expression -> expression EQ expression .)
    IF              reduce using rule 34 (expression -> expression EQ expression .)
    VAR             reduce using rule 34 (expression -> expression EQ expression .)
    IDENTIFIER      reduce using rule 34 (expression -> expression EQ expression .)
    WHILE           reduce using rule 34 (expression -> expression EQ expression .)
    FOR             reduce using rule 34 (expression -> expression EQ expression .)
    BREAK           reduce using rule 34 (expression -> expression EQ expression .)
    CONTINUE        reduce using rule 34 (expression -> expression EQ expression .)
    PRINT           reduce using rule 34 (expression -> expression EQ expression .)
    RETURN          reduce using rule 34 (expression -> expression EQ expression .)
    FUNCTION        reduce using rule 34 (expression -> expression EQ expression .)
    $end            reduce using rule 34 (expression -> expression EQ expression .)
    RBRACE          reduce using rule 34 (expression -> expression EQ expression .)
    RPAREN          reduce using rule 34 (expression -> expression EQ expression .)
    RBRACKET        reduce using rule 34 (expression -> expression EQ expression .)
    COMMA           reduce using rule 34 (expression -> expression EQ expression .)
    SEMICOLON       reduce using rule 34 (expression -> expression EQ expression .)
    PLUS            shift and go to state 34
    MINUS           shift and go to state 35
    TIMES           shift and go to state 36
    DIVIDE          shift and go to state 37
    MODULO          shift and go to state 38
    LBRACKET        shift and go to state 47

  ! PLUS            [ reduce using rule 34 (expression -> expression EQ expression .) ]
  ! MINUS           [ reduce using rule 34 (expression -> expression EQ expression .) ]
  ! TIMES           [ reduce using rule 34 (expression -> expression EQ expression .) ]
  ! DIVIDE          [ reduce using rule 34 (expression -> expression EQ expression .) ]
  ! MODULO          [ reduce using rule 34 (expression -> expression EQ expression .) ]
  ! LBRACKET        [ reduce using rule 34 (expression -> expression EQ expression .) ]
  ! GT              [ shift and go to state 39 ]
  ! LT              [ shift and go to state 40 ]
  ! GE              [ shift and go to state 41 ]
  ! LE              [ shift and go to state 42 ]
  ! EQ              [ shift and go to state 43 ]
  ! NE              [ shift and go to state 44 ]
  ! AND             [ shift and go to state 45 ]
  ! OR              [ shift and go to state 46 ]


state 75

    (35) expression -> expression NE expression .
    (25) expression -> expression . PLUS expression
    (26) expression -> expression . MINUS expression
    (27) expression -> expression . TIMES expression
    (28) expression -> expression . DIVIDE expression
    (29) expression -> expression . MODULO expression
    (30) expression -> expression . GT expression
    (31) expression -> expression . LT expression
    (32) expression -> expression . GE expression
    (33) expression -> expression . LE expression
    (34) expression -> expression . EQ expression
    (35) expression -> expression . NE expression
    (36) expression -> expression . AND expression
    (37) expression -> expression . OR expression
    (46) expression -> expression . LBRACKET expression RBRACKET

    THEN            reduce using rule 35 (expression -> expression NE expression .)
    GT              reduce using rule 35 (expression -> expression NE expression .)
    LT              reduce using rule 35 (expression -> expression NE expression .)
    GE              reduce using rule 35 (expression -> expression NE expression .)
    LE              reduce using rule 35 (expression -> expression NE expression .)
    EQ              reduce using rule 35 (expression -> expression NE expression .)
    NE              reduce using rule 35 (expression -> expression NE expression .)
    AND             reduce using rule 35 (expression -> expression NE expression .)
    OR              reduce using rule 35 (expression -> expression NE expression .)
    LBRACE          reduce using rule 35 (expression -> expression NE expression .)
    IF              reduce using rule 35 (expression -> expression NE expression .)
    VAR             reduce using rule 35 (expression -> expression NE expression .)
    IDENTIFIER      reduce using rule 35 (expression -> expression NE expression .)
    WHILE           reduce using rule 35 (expression -> expression NE expression .)
    FOR             reduce using rule 35 (expression -> expression NE expression .)
    BREAK           reduce using rule 35 (expression -> expression NE expression .)
    CONTINUE        reduce using rule 35 (expression -> expression NE expression .)
    PRINT           reduce using rule 35 (expression -> expression NE expression .)
    RETURN          reduce using rule 35 (expression -> expression NE expression .)
    FUNCTION        reduce using rule 35 (expression -> expression NE expression .)
    $end            reduce using rule 35 (expression -> expression NE expression .)
    RBRACE          reduce using rule 35 (expression -> expression NE expression .)
    RPAREN          reduce using rule 35 (expression -> expression NE expression .)
    RBRACKET        reduce using rule 35 (expression -> expression NE expression .)
    COMMA           reduce using rule 35 (expression -> expression NE expression .)
    SEMICOLON       reduce using rule 35 (expression -> expression NE expression .)
    PLUS            shift and go to state 34
    MINUS           shift and go to state 35
    TIMES           shift and go to state 36
    DIVIDE          shift and go to state 37
    MODULO          shift and go to state 38
    LBRACKET        shift and go to state 47

  ! PLUS            [ reduce using rule 35 (expression -> expression NE expression .) ]
  ! MINUS           [ reduce using rule 35 (expression -> expression NE expression .) ]
  ! TIMES           [ reduce using rule 35 (expression -> expression NE expression .) ]
  ! DIVIDE          [ reduce using rule 35 (expression -> expression NE expression .) ]
  ! MODULO          [ reduce using rule 35 (expression -> expression NE expression .) ]
  ! LBRACKET        [ reduce using rule 35 (expression -> expression NE expression .) ]
  ! GT              [ shift and go to state 39 ]
  ! LT              [ shift and go to state 40 ]
  ! GE              [ shift and go to state 41 ]
  ! LE              [ shift and go to state 42 ]
  ! EQ              [ shift and go to state 43 ]
  ! NE              [ shift and go to state 44 ]
  ! AND             [ shift and go to state 45 ]
  ! OR              [ shift and go to state 46 ]


state 76

    (36) expression -> expression AND expression .
    (25) expression -> expression . PLUS expression
    (26) expression -> expression . MINUS expression
    (27) expression -> expression . TIMES expression
    (28) expression -> expression . DIVIDE expression
    (29) expression -> expression . MODULO expression
    (30) expression -> expression . GT expression
    (31) expression -> expression . LT expression
    (32) expression -> expression . GE expression
    (33) expression -> expression . LE expression
    (34) expression -> expression . EQ expression
    (35) expression -> expression . NE expression
    (36) expression -> expression . AND expression
    (37) expression -> expression . OR expression
    (46) expression -> expression . LBRACKET expression RBRACKET

    THEN            reduce using rule 36 (expression -> expression AND expression .)
    AND             reduce using rule 36 (expression -> expression AND expression .)
    LBRACE          reduce using rule 36 (expression -> expression AND expression .)
    IF              reduce using rule 36 (expression -> expression AND expression .)
    VAR             reduce using rule 36 (expression -> expression AND expression .)
    IDENTIFIER      reduce using rule 36 (expression -> expression AND expression .)
    WHILE           reduce using rule 36 (expression -> expression AND expression .)
    FOR             reduce using rule 36 (expression -> expression AND expression .)
    BREAK           reduce using rule 36 (expression -> expression AND expression .)
    CONTINUE        reduce using rule 36 (expression -> expression AND expression .)
    PRINT           reduce using rule 36 (expression -> expression AND expression .)
    RETURN          reduce using rule 36 (expression -> expression AND expression .)
    FUNCTION        reduce using rule 36 (expression -> expression AND expression .)
    $end            reduce using rule 36 (expression -> expression AND expression .)
    RBRACE          reduce using rule 36 (expression -> expression AND expression .)
    RPAREN          reduce using rule 36 (expression -> expression AND expression .)
    RBRACKET        reduce using rule 36 (expression -> expression AND expression .)
    COMMA           reduce using rule 36 (expression -> expression AND expression .)
    SEMICOLON       reduce using rule 36 (expression -> expression AND expression .)
    PLUS            shift and go to state 34
    MINUS           shift and go to state 35
    TIMES           shift and go to state 36
    DIVIDE          shift and go to state 37
    MODULO          shift and go to state 38
    GT              shift and go to state 39
    LT              shift and go to state 40
    GE              shift and go to state 41
    LE              shift and go to state 42
    EQ              shift and go to state 43
    NE              shift and go to state 44
    OR              shift and go to state 46
    LBRACKET        shift and go to state 47

  ! PLUS            [ reduce using rule 36 (expression -> expression AND expression .) ]
  ! MINUS           [ reduce using rule 36 (expression -> expression AND expression .) ]
  ! TIMES           [ reduce using rule 36 (expression -> expression AND expression .) ]
  ! DIVIDE          [ reduce using rule 36 (expression -> expression AND expression .) ]
  ! MODULO          [ reduce using rule 36 (expression -> expression AND expression .) ]
  ! GT              [ reduce using rule 36 (expression -> expression AND expression .) ]
  ! LT              [ reduce using rule 36 (expression -> expression AND expression .) ]
  ! GE              [ reduce using rule 36 (expression -> expression AND expression .) ]
  ! LE              [ reduce using rule 36 (expression -> expression AND expression .) ]
  ! EQ              [ reduce using rule 36 (expression -> expression AND expression .) ]
  ! NE              [ reduce using rule 36 (expression -> expression AND expression .) ]
  ! OR              [ reduce using rule 36 (expression -> expression AND expression .) ]
  ! LBRACKET        [ reduce using rule 36 (expression -> expression AND expression .) ]
  ! AND             [ shift and go to state 45 ]


state 77

    (37) expression -> expression OR expression .
    (25) expression -> expression . PLUS expression
    (26) expression -> expression . MINUS expression
    (27) expression -> expression . TIMES expression
    (28) expression -> expression . DIVIDE expression
    (29) expression -> expression . MODULO expression
    (30) expression -> expression . GT expression
    (31) expression -> expression . LT expression
    (32) expression -> expression . GE expression
    (33) expression -> expression . LE expression
    (34) expression -> expression . EQ expression
    (35) expression -> expression . NE expression
    (36) expression -> expression . AND expression
    (37) expression -> expression . OR expression
    (46) expression -> expression . LBRACKET expression RBRACKET

    THEN            reduce using rule 37 (expression -> expression OR expression .)
    AND             reduce using rule 37 (expression -> expression OR expression .)
    OR              reduce using rule 37 (expression -> expression OR expression .)
    LBRACE          reduce using rule 37 (expression -> expression OR expression .)
    IF              reduce using rule 37 (expression -> expression OR expression .)
    VAR             reduce using rule 37 (expression -> expression OR expression .)
    IDENTIFIER      reduce using rule 37 (expression -> expression OR expression .)
    WHILE           reduce using rule 37 (expression -> expression OR expression .)
    FOR             reduce using rule 37 (expression -> expression OR expression .)
    BREAK           reduce using rule 37 (expression -> expression OR expression .)
    CONTINUE        reduce using rule 37 (expression -> expression OR expression .)
    PRINT           reduce using rule 37 (expression -> expression OR expression .)
    RETURN          reduce using rule 37 (expression -> expression OR expression .)
    FUNCTION        reduce using rule 37 (expression -> expression OR expression .)
    $end            reduce using rule 37 (expression -> expression OR expression .)
    RBRACE          reduce using rule 37 (expression -> expression OR expression .)
    RPAREN          reduce using rule 37 (expression -> expression OR expression .)
    RBRACKET        reduce using rule 37 (expression -> expression OR expression .)
    COMMA           reduce using rule 37 (expression -> expression OR expression .)
    SEMICOLON       reduce using rule 37 (expression -> expression OR expression .)
    PLUS            shift and go to state 34
    MINUS           shift and go to state 35
    TIMES           shift and go to state 36
    DIVIDE          shift and go to state 37
    MODULO          shift and go to state 38
    GT              shift and go to state 39
    LT              shift and go to state 40
    GE              shift and go to state 41
    LE              shift and go to state 42
    EQ              shift and go to state 43
    NE              shift and go to state 44
    LBRACKET        shift and go to state 47

  ! PLUS            [ reduce using rule 37 (expression -> expression OR expression .) ]
  ! MINUS           [ reduce using rule 37 (expression -> expression OR expression .) ]
  ! TIMES           [ reduce using rule 37 (expression -> expression OR expression .) ]
  ! DIVIDE          [ reduce using rule 37 (expression -> expression OR expression .) ]
  ! MODULO          [ reduce using rule 37 (expression -> expression OR expression .) ]
  ! GT              [ reduce using rule 37 (expression -> expression OR expression .) ]
  ! LT              [ reduce using rule 37 (expression -> expression OR expression .) ]
  ! GE              [ reduce using rule 37 (expression -> expression OR expression .) ]
  ! LE              [ reduce using rule 37 (expression -> expression OR expression .) ]
  ! EQ              [ reduce using rule 37 (expression -> expression OR expression .) ]
  ! NE              [ reduce using rule 37 (expression -> expression OR expression .) ]
  ! LBRACKET        [ reduce using rule 37 (expression -> expression OR expression .) ]
  ! AND             [ shift and go to state 45 ]
  ! OR              [ shift and go to state 46 ]


state 78

    (46) expression -> expression LBRACKET expression . RBRACKET
    (25) expression -> expression . PLUS expression
    (26) expression -> expression . MINUS expression
    (27) expression -> expression . TIMES expression
    (28) expression -> expression . DIVIDE expression
    (29) expression -> expression . MODULO expression
    (30) expression -> expression . GT expression
    (31) expression -> expression . LT expression
    (32) expression -> expression . GE expression
    (33) expression -> expression . LE expression
    (34) expression -> expression . EQ expression
    (35) expression -> expression . NE expression
    (36) expression -> expression . AND expression
    (37) expression -> expression . OR expression
    (46) expression -> expression . LBRACKET expression RBRACKET

    RBRACKET        shift and go to state 95
    PLUS            shift and go to state 34
    MINUS           shift and go to state 35
    TIMES           shift and go to state 36
    DIVIDE          shift and go to state 37
    MODULO          shift and go to state 38
    GT              shift and go to state 39
    LT              shift and go to state 40
    GE              shift and go to state 41
    LE              shift and go to state 42
    EQ              shift and go to state 43
    NE              shift and go to state 44
    AND             shift and go to state 45
    OR              shift and go to state 46
    LBRACKET        shift and go to state 47


state 79

    (39) expression -> LPAREN expression RPAREN .

    THEN            reduce using rule 39 (expression -> LPAREN expression RPAREN .)
    PLUS            reduce using rule 39 (expression -> LPAREN expression RPAREN .)
    MINUS           reduce using rule 39 (expression -> LPAREN expression RPAREN .)
    TIMES           reduce using rule 39 (expression -> LPAREN expression RPAREN .)
    DIVIDE          reduce using rule 39 (expression -> LPAREN expression RPAREN .)
    MODULO          reduce using rule 39 (expression -> LPAREN expression RPAREN .)
    GT              reduce using rule 39 (expression -> LPAREN expression RPAREN .)
    LT              reduce using rule 39 (expression -> LPAREN expression RPAREN .)
    GE              reduce using rule 39 (expression -> LPAREN expression RPAREN .)
    LE              reduce using rule 39 (expression -> LPAREN expression RPAREN .)
    EQ              reduce using rule 39 (expression -> LPAREN expression RPAREN .)
    NE              reduce using rule 39 (expression -> LPAREN expression RPAREN .)
    AND             reduce using rule 39 (expression -> LPAREN expression RPAREN .)
    OR              reduce using rule 39 (expression -> LPAREN expression RPAREN .)
    LBRACKET        reduce using rule 39 (expression -> LPAREN expression RPAREN .)
    LBRACE          reduce using rule 39 (expression -> LPAREN expression RPAREN .)
    IF              reduce using rule 39 (expression -> LPAREN expression RPAREN .)
    VAR             reduce using rule 39 (expression -> LPAREN expression RPAREN .)
    IDENTIFIER      reduce using rule 39 (expression -> LPAREN expression RPAREN .)
    WHILE           reduce using rule 39 (expression -> LPAREN expression RPAREN .)
    FOR             reduce using rule 39 (expression -> LPAREN expression RPAREN .)
    BREAK           reduce using rule 39 (expression -> LPAREN expression RPAREN .)
    CONTINUE        reduce using rule 39 (expression -> LPAREN expression RPAREN .)
    PRINT           reduce using rule 39 (expression -> LPAREN expression RPAREN .)
    RETURN          reduce using rule 39 (expression -> LPAREN expression RPAREN .)
    FUNCTION        reduce using rule 39 (expression -> LPAREN expression RPAREN .)
    $end            reduce using rule 39 (expression -> LPAREN expression RPAREN .)
    RBRACE          reduce using rule 39 (expression -> LPAREN expression RPAREN .)
    RPAREN          reduce using rule 39 (expression -> LPAREN expression RPAREN .)
    RBRACKET        reduce using rule 39 (expression -> LPAREN expression RPAREN .)
    COMMA           reduce using rule 39 (expression -> LPAREN expression RPAREN .)
    SEMICOLON       reduce using rule 39 (expression -> LPAREN expression RPAREN .)


state 80

    (50) expression -> IDENTIFIER LPAREN arg_list . RPAREN
    (48) arg_list -> arg_list . COMMA expression

    RPAREN          shift and go to state 96
    COMMA           shift and go to state 82


state 81

    (45) expression -> LBRACKET arg_list RBRACKET .

    THEN            reduce using rule 45 (expression -> LBRACKET arg_list RBRACKET .)
    PLUS            reduce using rule 45 (expression -> LBRACKET arg_list RBRACKET .)
    MINUS           reduce using rule 45 (expression -> LBRACKET arg_list RBRACKET .)
    TIMES           reduce using rule 45 (expression -> LBRACKET arg_list RBRACKET .)
    DIVIDE          reduce using rule 45 (expression -> LBRACKET arg_list RBRACKET .)
    MODULO          reduce using rule 45 (expression -> LBRACKET arg_list RBRACKET .)
    GT              reduce using rule 45 (expression -> LBRACKET arg_list RBRACKET .)
    LT              reduce using rule 45 (expression -> LBRACKET arg_list RBRACKET .)
    GE              reduce using rule 45 (expression -> LBRACKET arg_list RBRACKET .)
    LE              reduce using rule 45 (expression -> LBRACKET arg_list RBRACKET .)
    EQ              reduce using rule 45 (expression -> LBRACKET arg_list RBRACKET .)
    NE              reduce using rule 45 (expression -> LBRACKET arg_list RBRACKET .)
    AND             reduce using rule 45 (expression -> LBRACKET arg_list RBRACKET .)
    OR              reduce using rule 45 (expression -> LBRACKET arg_list RBRACKET .)
    LBRACKET        reduce using rule 45 (expression -> LBRACKET arg_list RBRACKET .)
    LBRACE          reduce using rule 45 (expression -> LBRACKET arg_list RBRACKET .)
    IF              reduce using rule 45 (expression -> LBRACKET arg_list RBRACKET .)
    VAR             reduce using rule 45 (expression -> LBRACKET arg_list RBRACKET .)
    IDENTIFIER      reduce using rule 45 (expression -> LBRACKET arg_list RBRACKET .)
    WHILE           reduce using rule 45 (expression -> LBRACKET arg_list RBRACKET .)
    FOR             reduce using rule 45 (expression -> LBRACKET arg_list RBRACKET .)
    BREAK           reduce using rule 45 (expression -> LBRACKET arg_list RBRACKET .)
    CONTINUE        reduce using rule 45 (expression -> LBRACKET arg_list RBRACKET .)
    PRINT           reduce using rule 45 (expression -> LBRACKET arg_list RBRACKET .)
    RETURN          reduce using rule 45 (expression -> LBRACKET arg_list RBRACKET .)
    FUNCTION        reduce using rule 45 (expression -> LBRACKET arg_list RBRACKET .)
    $end            reduce using rule 45 (expression -> LBRACKET arg_list RBRACKET .)
    RBRACE          reduce using rule 45 (expression -> LBRACKET arg_list RBRACKET .)
    RPAREN          reduce using rule 45 (expression -> LBRACKET arg_list RBRACKET .)
    RBRACKET        reduce using rule 45 (expression -> LBRACKET arg_list RBRACKET .)
    COMMA           reduce using rule 45 (expression -> LBRACKET arg_list RBRACKET .)
    SEMICOLON       reduce using rule 45 (expression -> LBRACKET arg_list RBRACKET .)


state 82

    (48) arg_list -> arg_list COMMA . expression
    (25) expression -> . expression PLUS expression
    (26) expression -> . expression MINUS expression
    (27) expression -> . expression TIMES expression
    (28) expression -> . expression DIVIDE expression
    (29) expression -> . expression MODULO expression
    (30) expression -> . expression GT expression
    (31) expression -> . expression LT expression
    (32) expression -> . expression GE expression
    (33) expression -> . expression LE expression
    (34) expression -> . expression EQ expression
    (35) expression -> . expression NE expression
    (36) expression -> . expression AND expression
    (37) expression -> . expression OR expression
    (38) expression -> . NOT expression
    (39) expression -> . LPAREN expression RPAREN
    (40) expression -> . NUMBER
    (41) expression -> . STRING
    (42) expression -> . TRUE
    (43) expression -> . FALSE
    (44) expression -> . IDENTIFIER
    (45) expression -> . LBRACKET arg_list RBRACKET
    (46) expression -> . expression LBRACKET expression RBRACKET
    (50) expression -> . IDENTIFIER LPAREN arg_list RPAREN

    NOT             shift and go to state 16
    LPAREN          shift and go to state 17
    NUMBER          shift and go to state 18
    STRING          shift and go to state 19
    TRUE            shift and go to state 20
    FALSE           shift and go to state 21
    IDENTIFIER      shift and go to state 22
    LBRACKET        shift and go to state 23

    expression                     shift and go to state 97

state 83

    (9) statement -> VAR IDENTIFIER EQUALS expression .
    (25) expression -> expression . PLUS expression
    (26) expression -> expression . MINUS expression
    (27) expression -> expression . TIMES expression
    (28) expression -> expression . DIVIDE expression
    (29) expression -> expression . MODULO expression
    (30) expression -> expression . GT expression
    (31) expression -> expression . LT expression
    (32) expression -> expression . GE expression
    (33) expression -> expression . LE expression
    (34) expression -> expression . EQ expression
    (35) expression -> expression . NE expression
    (36) expression -> expression . AND expression
    (37) expression -> expression . OR expression
    (46) expression -> expression . LBRACKET expression RBRACKET

    IF              reduce using rule 9 (statement -> VAR IDENTIFIER EQUALS expression .)
    VAR             reduce using rule 9 (statement -> VAR IDENTIFIER EQUALS expression .)
    IDENTIFIER      reduce using rule 9 (statement -> VAR IDENTIFIER EQUALS expression .)
    WHILE           reduce using rule 9 (statement -> VAR IDENTIFIER EQUALS expression .)
    FOR             reduce using rule 9 (statement -> VAR IDENTIFIER EQUALS expression .)
    BREAK           reduce using rule 9 (statement -> VAR IDENTIFIER EQUALS expression .)
    CONTINUE        reduce using rule 9 (statement -> VAR IDENTIFIER EQUALS expression .)
    PRINT           reduce using rule 9 (statement -> VAR IDENTIFIER EQUALS expression .)
    RETURN          reduce using rule 9 (statement -> VAR IDENTIFIER EQUALS expression .)
    FUNCTION        reduce using rule 9 (statement -> VAR IDENTIFIER EQUALS expression .)
    $end            reduce using rule 9 (statement -> VAR IDENTIFIER EQUALS expression .)
    RBRACE          reduce using rule 9 (statement -> VAR IDENTIFIER EQUALS expression .)
    PLUS            shift and go to state 34
    MINUS           shift and go to state 35
    TIMES           shift and go to state 36
    DIVIDE          shift and go to state 37
    MODULO          shift and go to state 38
    GT              shift and go to state 39
    LT              shift and go to state 40
    GE              shift and go to state 41
    LE              shift and go to state 42
    EQ              shift and go to state 43
    NE              shift and go to state 44
    AND             shift and go to state 45
    OR              shift and go to state 46
    LBRACKET        shift and go to state 47


state 84

    (11) statement -> IDENTIFIER LBRACKET expression RBRACKET . EQUALS expression

    EQUALS          shift and go to state 98


state 85

    (20) statement -> IDENTIFIER LPAREN arg_list RPAREN .

    IF              reduce using rule 20 (statement -> IDENTIFIER LPAREN arg_list RPAREN .)
    VAR             reduce using rule 20 (statement -> IDENTIFIER LPAREN arg_list RPAREN .)
    IDENTIFIER      reduce using rule 20 (statement -> IDENTIFIER LPAREN arg_list RPAREN .)
    WHILE           reduce using rule 20 (statement -> IDENTIFIER LPAREN arg_list RPAREN .)
    FOR             reduce using rule 20 (statement -> IDENTIFIER LPAREN arg_list RPAREN .)
    BREAK           reduce using rule 20 (statement -> IDENTIFIER LPAREN arg_list RPAREN .)
    CONTINUE        reduce using rule 20 (statement -> IDENTIFIER LPAREN arg_list RPAREN .)
    PRINT           reduce using rule 20 (statement -> IDENTIFIER LPAREN arg_list RPAREN .)
    RETURN          reduce using rule 20 (statement -> IDENTIFIER LPAREN arg_list RPAREN .)
    FUNCTION        reduce using rule 20 (statement -> IDENTIFIER LPAREN arg_list RPAREN .)
    $end            reduce using rule 20 (statement -> IDENTIFIER LPAREN arg_list RPAREN .)
    RBRACE          reduce using rule 20 (statement -> IDENTIFIER LPAREN arg_list RPAREN .)


state 86

    (4) block -> LBRACE statement_list . RBRACE
    (3) statement_list -> statement_list . statement
    (6) statement -> . IF expression THEN block
    (7) statement -> . IF expression THEN block ELSE block
    (8) statement -> . IF expression THEN block ELSE statement
    (9) statement -> . VAR IDENTIFIER EQUALS expression
    (10) statement -> . IDENTIFIER EQUALS expression
    (11) statement -> . IDENTIFIER LBRACKET expression RBRACKET EQUALS expression
    (12) statement -> . WHILE expression block
    (15) statement -> . FOR LPAREN for_init SEMICOLON expression SEMICOLON for_init RPAREN block
    (16) statement -> . BREAK
    (17) statement -> . CONTINUE
    (18) statement -> . PRINT LPAREN expression RPAREN
    (19) statement -> . RETURN expression
    (20) statement -> . IDENTIFIER LPAREN arg_list RPAREN
    (24) statement -> . FUNCTION IDENTIFIER LPAREN param_list RPAREN block

    RBRACE          shift and go to state 99
    IF              shift and go to state 4
    VAR             shift and go to state 5
    IDENTIFIER      shift and go to state 6
    WHILE           shift and go to state 7
    FOR             shift and go to state 8
    BREAK           shift and go to state 9
    CONTINUE        shift and go to state 10
    PRINT           shift and go to state 11
    RETURN          shift and go to state 12
    FUNCTION        shift and go to state 13

    statement                      shift and go to state 14

state 87

    (5) block -> LBRACE RBRACE .

    IF              reduce using rule 5 (block -> LBRACE RBRACE .)
    VAR             reduce using rule 5 (block -> LBRACE RBRACE .)
    IDENTIFIER      reduce using rule 5 (block -> LBRACE RBRACE .)
    WHILE           reduce using rule 5 (block -> LBRACE RBRACE .)
    FOR             reduce using rule 5 (block -> LBRACE RBRACE .)
    BREAK           reduce using rule 5 (block -> LBRACE RBRACE .)
    CONTINUE        reduce using rule 5 (block -> LBRACE RBRACE .)
    PRINT           reduce using rule 5 (block -> LBRACE RBRACE .)
    RETURN          reduce using rule 5 (block -> LBRACE RBRACE .)
    FUNCTION        reduce using rule 5 (block -> LBRACE RBRACE .)
    $end            reduce using rule 5 (block -> LBRACE RBRACE .)
    RBRACE          reduce using rule 5 (block -> LBRACE RBRACE .)
    ELSE            reduce using rule 5 (block -> LBRACE RBRACE .)


state 88

    (15) statement -> FOR LPAREN for_init SEMICOLON . expression SEMICOLON for_init RPAREN block
    (25) expression -> . expression PLUS expression
    (26) expression -> . expression MINUS expression
    (27) expression -> . expression TIMES expression
    (28) expression -> . expression DIVIDE expression
    (29) expression -> . expression MODULO expression
    (30) expression -> . expression GT expression
    (31) expression -> . expression LT expression
    (32) expression -> . expression GE expression
    (33) expression -> . expression LE expression
    (34) expression -> . expression EQ expression
    (35) expression -> . expression NE expression
    (36) expression -> . expression AND expression
    (37) expression -> . expression OR expression
    (38) expression -> . NOT expression
    (39) expression -> . LPAREN expression RPAREN
    (40) expression -> . NUMBER
    (41) expression -> . STRING
    (42) expression -> . TRUE
    (43) expression -> . FALSE
    (44) expression -> . IDENTIFIER
    (45) expression -> . LBRACKET arg_list RBRACKET
    (46) expression -> . expression LBRACKET expression RBRACKET
    (50) expression -> . IDENTIFIER LPAREN arg_list RPAREN

    NOT             shift and go to state 16
    LPAREN          shift and go to state 17
    NUMBER          shift and go to state 18
    STRING          shift and go to state 19
    TRUE            shift and go to state 20
    FALSE           shift and go to state 21
    IDENTIFIER      shift and go to state 22
    LBRACKET        shift and go to state 23

    expression                     shift and go to state 100

state 89

    (13) for_init -> VAR IDENTIFIER . EQUALS expression

    EQUALS          shift and go to state 101


state 90

    (14) for_init -> IDENTIFIER EQUALS . expression
    (25) expression -> . expression PLUS expression
    (26) expression -> . expression MINUS expression
    (27) expression -> . expression TIMES expression
    (28) expression -> . expression DIVIDE expression
    (29) expression -> . expression MODULO expression
    (30) expression -> . expression GT expression
    (31) expression -> . expression LT expression
    (32) expression -> . expression GE expression
    (33) expression -> . expression LE expression
    (34) expression -> . expression EQ expression
    (35) expression -> . expression NE expression
    (36) expression -> . expression AND expression
    (37) expression -> . expression OR expression
    (38) expression -> . NOT expression
    (39) expression -> . LPAREN expression RPAREN
    (40) expression -> . NUMBER
    (41) expression -> . STRING
    (42) expression -> . TRUE
    (43) expression -> . FALSE
    (44) expression -> . IDENTIFIER
    (45) expression -> . LBRACKET arg_list RBRACKET
    (46) expression -> . expression LBRACKET expression RBRACKET
    (50) expression -> . IDENTIFIER LPAREN arg_list RPAREN

    NOT             shift and go to state 16
    LPAREN          shift and go to state 17
    NUMBER          shift and go to state 18
    STRING          shift and go to state 19
    TRUE            shift and go to state 20
    FALSE           shift and go to state 21
    IDENTIFIER      shift and go to state 22
    LBRACKET        shift and go to state 23

    expression                     shift and go to state 102

state 91

    (18) statement -> PRINT LPAREN expression RPAREN .

    IF              reduce using rule 18 (statement -> PRINT LPAREN expression RPAREN .)
    VAR             reduce using rule 18 (statement -> PRINT LPAREN expression RPAREN .)
    IDENTIFIER      reduce using rule 18 (statement -> PRINT LPAREN expression RPAREN .)
    WHILE           reduce using rule 18 (statement -> PRINT LPAREN expression RPAREN .)
    FOR             reduce using rule 18 (statement -> PRINT LPAREN expression RPAREN .)
    BREAK           reduce using rule 18 (statement -> PRINT LPAREN expression RPAREN .)
    CONTINUE        reduce using rule 18 (statement -> PRINT LPAREN expression RPAREN .)
    PRINT           reduce using rule 18 (statement -> PRINT LPAREN expression RPAREN .)
    RETURN          reduce using rule 18 (statement -> PRINT LPAREN expression RPAREN .)
    FUNCTION        reduce using rule 18 (statement -> PRINT LPAREN expression RPAREN .)
    $end            reduce using rule 18 (statement -> PRINT LPAREN expression RPAREN .)
    RBRACE          reduce using rule 18 (statement -> PRINT LPAREN expression RPAREN .)


state 92

    (21) param_list -> IDENTIFIER .

    RPAREN          reduce using rule 21 (param_list -> IDENTIFIER .)
    COMMA           reduce using rule 21 (param_list -> IDENTIFIER .)


state 93

    (24) statement -> FUNCTION IDENTIFIER LPAREN param_list . RPAREN block
    (22) param_list -> param_list . COMMA IDENTIFIER

    RPAREN          shift and go to state 103
    COMMA           shift and go to state 104


state 94

    (7) statement -> IF expression THEN block ELSE . block
    (8) statement -> IF expression THEN block ELSE . statement
    (4) block -> . LBRACE statement_list RBRACE
    (5) block -> . LBRACE RBRACE
    (6) statement -> . IF expression THEN block
    (7) statement -> . IF expression THEN block ELSE block
    (8) statement -> . IF expression THEN block ELSE statement
    (9) statement -> . VAR IDENTIFIER EQUALS expression
    (10) statement -> . IDENTIFIER EQUALS expression
    (11) statement -> . IDENTIFIER LBRACKET expression RBRACKET EQUALS expression
    (12) statement -> . WHILE expression block
    (15) statement -> . FOR LPAREN for_init SEMICOLON expression SEMICOLON for_init RPAREN block
    (16) statement -> . BREAK
    (17) statement -> . CONTINUE
    (18) statement -> . PRINT LPAREN expression RPAREN
    (19) statement -> . RETURN expression
    (20) statement -> . IDENTIFIER LPAREN arg_list RPAREN
    (24) statement -> . FUNCTION IDENTIFIER LPAREN param_list RPAREN block

    LBRACE          shift and go to state 58
    IF              shift and go to state 4
    VAR             shift and go to state 5
    IDENTIFIER      shift and go to state 6
    WHILE           shift and go to state 7
    FOR             shift and go to state 8
    BREAK           shift and go to state 9
    CONTINUE        shift and go to state 10
    PRINT           shift and go to state 11
    RETURN          shift and go to state 12
    FUNCTION        shift and go to state 13

    block                          shift and go to state 105
    statement                      shift and go to state 106

state 95

    (46) expression -> expression LBRACKET expression RBRACKET .

    THEN            reduce using rule 46 (expression -> expression LBRACKET expression RBRACKET .)
    PLUS            reduce using rule 46 (expression -> expression LBRACKET expression RBRACKET .)
    MINUS           reduce using rule 46 (expression -> expression LBRACKET expression RBRACKET .)
    TIMES           reduce using rule 46 (expression -> expression LBRACKET expression RBRACKET .)
    DIVIDE          reduce using rule 46 (expression -> expression LBRACKET expression RBRACKET .)
    MODULO          reduce using rule 46 (expression -> expression LBRACKET expression RBRACKET .)
    GT              reduce using rule 46 (expression -> expression LBRACKET expression RBRACKET .)
    LT              reduce using rule 46 (expression -> expression LBRACKET expression RBRACKET .)
    GE              reduce using rule 46 (expression -> expression LBRACKET expression RBRACKET .)
    LE              reduce using rule 46 (expression -> expression LBRACKET expression RBRACKET .)
    EQ              reduce using rule 46 (expression -> expression LBRACKET expression RBRACKET .)
    NE              reduce using rule 46 (expression -> expression LBRACKET expression RBRACKET .)
    AND             reduce using rule 46 (expression -> expression LBRACKET expression RBRACKET .)
    OR              reduce using rule 46 (expression -> expression LBRACKET expression RBRACKET .)
    LBRACKET        reduce using rule 46 (expression -> expression LBRACKET expression RBRACKET .)
    LBRACE          reduce using rule 46 (expression -> expression LBRACKET expression RBRACKET .)
    IF              reduce using rule 46 (expression -> expression LBRACKET expression RBRACKET .)
    VAR             reduce using rule 46 (expression -> expression LBRACKET expression RBRACKET .)
    IDENTIFIER      reduce using rule 46 (expression -> expression LBRACKET expression RBRACKET .)
    WHILE           reduce using rule 46 (expression -> expression LBRACKET expression RBRACKET .)
    FOR             reduce using rule 46 (expression -> expression LBRACKET expression RBRACKET .)
    BREAK           reduce using rule 46 (expression -> expression LBRACKET expression RBRACKET .)
    CONTINUE        reduce using rule 46 (expression -> expression LBRACKET expression RBRACKET .)
    PRINT           reduce using rule 46 (expression -> expression LBRACKET expression RBRACKET .)
    RETURN          reduce using rule 46 (expression -> expression LBRACKET expression RBRACKET .)
    FUNCTION        reduce using rule 46 (expression -> expression LBRACKET expression RBRACKET .)
    $end            reduce using rule 46 (expression -> expression LBRACKET expression RBRACKET .)
    RBRACE          reduce using rule 46 (expression -> expression LBRACKET expression RBRACKET .)
    RPAREN          reduce using rule 46 (expression -> expression LBRACKET expression RBRACKET .)
    RBRACKET        reduce using rule 46 (expression -> expression LBRACKET expression RBRACKET .)
    COMMA           reduce using rule 46 (expression -> expression LBRACKET expression RBRACKET .)
    SEMICOLON       reduce using rule 46 (expression -> expression LBRACKET expression RBRACKET .)


state 96

    (50) expression -> IDENTIFIER LPAREN arg_list RPAREN .

    THEN            reduce using rule 50 (expression -> IDENTIFIER LPAREN arg_list RPAREN .)
    PLUS            reduce using rule 50 (expression -> IDENTIFIER LPAREN arg_list RPAREN .)
    MINUS           reduce using rule 50 (expression -> IDENTIFIER LPAREN arg_list RPAREN .)
    TIMES           reduce using rule 50 (expression -> IDENTIFIER LPAREN arg_list RPAREN .)
    DIVIDE          reduce using rule 50 (expression -> IDENTIFIER LPAREN arg_list RPAREN .)
    MODULO          reduce using rule 50 (expression -> IDENTIFIER LPAREN arg_list RPAREN .)
    GT              reduce using rule 50 (expression -> IDENTIFIER LPAREN arg_list RPAREN .)
    LT              reduce using rule 50 (expression -> IDENTIFIER LPAREN arg_list RPAREN .)
    GE              reduce using rule 50 (expression -> IDENTIFIER LPAREN arg_list RPAREN .)
    LE              reduce using rule 50 (expression -> IDENTIFIER LPAREN arg_list RPAREN .)
    EQ              reduce using rule 50 (expression -> IDENTIFIER LPAREN arg_list RPAREN .)
    NE              reduce using rule 50 (expression -> IDENTIFIER LPAREN arg_list RPAREN .)
    AND             reduce using rule 50 (expression -> IDENTIFIER LPAREN arg_list RPAREN .)
    OR              reduce using rule 50 (expression -> IDENTIFIER LPAREN arg_list RPAREN .)
    LBRACKET        reduce using rule 50 (expression -> IDENTIFIER LPAREN arg_list RPAREN .)
    LBRACE          reduce using rule 50 (expression -> IDENTIFIER LPAREN arg_list RPAREN .)
    IF              reduce using rule 50 (expression -> IDENTIFIER LPAREN arg_list RPAREN .)
    VAR             reduce using rule 50 (expression -> IDENTIFIER LPAREN arg_list RPAREN .)
    IDENTIFIER      reduce using rule 50 (expression -> IDENTIFIER LPAREN arg_list RPAREN .)
    WHILE           reduce using rule 50 (expression -> IDENTIFIER LPAREN arg_list RPAREN .)
    FOR             reduce using rule 50 (expression -> IDENTIFIER LPAREN arg_list RPAREN .)
    BREAK           reduce using rule 50 (expression -> IDENTIFIER LPAREN arg_list RPAREN .)
    CONTINUE        reduce using rule 50 (expression -> IDENTIFIER LPAREN arg_list RPAREN .)
    PRINT           reduce using rule 50 (expression -> IDENTIFIER LPAREN arg_list RPAREN .)
    RETURN          reduce using rule 50 (expression -> IDENTIFIER LPAREN arg_list RPAREN .)
    FUNCTION        reduce using rule 50 (expression -> IDENTIFIER LPAREN arg_list RPAREN .)
    $end            reduce using rule 50 (expression -> IDENTIFIER LPAREN arg_list RPAREN .)
    RBRACE          reduce using rule 50 (expression -> IDENTIFIER LPAREN arg_list RPAREN .)
    RPAREN          reduce using rule 50 (expression -> IDENTIFIER LPAREN arg_list RPAREN .)
    RBRACKET        reduce using rule 50 (expression -> IDENTIFIER LPAREN arg_list RPAREN .)
    COMMA           reduce using rule 50 (expression -> IDENTIFIER LPAREN arg_list RPAREN .)
    SEMICOLON       reduce using rule 50 (expression -> IDENTIFIER LPAREN arg_list RPAREN .)


state 97

    (48) arg_list -> arg_list COMMA expression .
    (25) expression -> expression . PLUS expression
    (26) expression -> expression . MINUS expression
    (27) expression -> expression . TIMES expression
    (28) expression -> expression . DIVIDE expression
    (29) expression -> expression . MODULO expression
    (30) expression -> expression . GT expression
    (31) expression -> expression . LT expression
    (32) expression -> expression . GE expression
    (33) expression -> expression . LE expression
    (34) expression -> expression . EQ expression
    (35) expression -> expression . NE expression
    (36) expression -> expression . AND expression
    (37) expression -> expression . OR expression
    (46) expression -> expression . LBRACKET expression RBRACKET

    RBRACKET        reduce using rule 48 (arg_list -> arg_list COMMA expression .)
    COMMA           reduce using rule 48 (arg_list -> arg_list COMMA expression .)
    RPAREN          reduce using rule 48 (arg_list -> arg_list COMMA expression .)
    PLUS            shift and go to state 34
    MINUS           shift and go to state 35
    TIMES           shift and go to state 36
    DIVIDE          shift and go to state 37
    MODULO          shift and go to state 38
    GT              shift and go to state 39
    LT              shift and go to state 40
    GE              shift and go to state 41
    LE              shift and go to state 42
    EQ              shift and go to state 43
    NE              shift and go to state 44
    AND             shift and go to state 45
    OR              shift and go to state 46
    LBRACKET        shift and go to state 47


state 98

    (11) statement -> IDENTIFIER LBRACKET expression RBRACKET EQUALS . expression
    (25) expression -> . expression PLUS expression
    (26) expression -> . expression MINUS expression
    (27) expression -> . expression TIMES expression
    (28) expression -> . expression DIVIDE expression
    (29) expression -> . expression MODULO expression
    (30) expression -> . expression GT expression
    (31) expression -> . expression LT expression
    (32) expression -> . expression GE expression
    (33) expression -> . expression LE expression
    (34) expression -> . expression EQ expression
    (35) expression -> . expression NE expression
    (36) expression -> . expression AND expression
    (37) expression -> . expression OR expression
    (38) expression -> . NOT expression
    (39) expression -> . LPAREN expression RPAREN
    (40) expression -> . NUMBER
    (41) expression -> . STRING
    (42) expression -> . TRUE
    (43) expression -> . FALSE
    (44) expression -> . IDENTIFIER
    (45) expression -> . LBRACKET arg_list RBRACKET
    (46) expression -> . expression LBRACKET expression RBRACKET
    (50) expression -> . IDENTIFIER LPAREN arg_list RPAREN

    NOT             shift and go to state 16
    LPAREN          shift and go to state 17
    NUMBER          shift and go to state 18
    STRING          shift and go to state 19
    TRUE            shift and go to state 20
    FALSE           shift and go to state 21
    IDENTIFIER      shift and go to state 22
    LBRACKET        shift and go to state 23

    expression                     shift and go to state 107

state 99

    (4) block -> LBRACE statement_list RBRACE .

    IF              reduce using rule 4 (block -> LBRACE statement_list RBRACE .)
    VAR             reduce using rule 4 (block -> LBRACE statement_list RBRACE .)
    IDENTIFIER      reduce using rule 4 (block -> LBRACE statement_list RBRACE .)
    WHILE           reduce using rule 4 (block -> LBRACE statement_list RBRACE .)
    FOR             reduce using rule 4 (block -> LBRACE statement_list RBRACE .)
    BREAK           reduce using rule 4 (block -> LBRACE statement_list RBRACE .)
    CONTINUE        reduce using rule 4 (block -> LBRACE statement_list RBRACE .)
    PRINT           reduce using rule 4 (block -> LBRACE statement_list RBRACE .)
    RETURN          reduce using rule 4 (block -> LBRACE statement_list RBRACE .)
    FUNCTION        reduce using rule 4 (block -> LBRACE statement_list RBRACE .)
    $end            reduce using rule 4 (block -> LBRACE statement_list RBRACE .)
    RBRACE          reduce using rule 4 (block -> LBRACE statement_list RBRACE .)
    ELSE            reduce using rule 4 (block -> LBRACE statement_list RBRACE .)


state 100

    (15) statement -> FOR LPAREN for_init SEMICOLON expression . SEMICOLON for_init RPAREN block
    (25) expression -> expression . PLUS expression
    (26) expression -> expression . MINUS expression
    (27) expression -> expression . TIMES expression
    (28) expression -> expression . DIVIDE expression
    (29) expression -> expression . MODULO expression
    (30) expression -> expression . GT expression
    (31) expression -> expression . LT expression
    (32) expression -> expression . GE expression
    (33) expression -> expression . LE expression
    (34) expression -> expression . EQ expression
    (35) expression -> expression . NE expression
    (36) expression -> expression . AND expression
    (37) expression -> expression . OR expression
    (46) expression -> expression . LBRACKET expression RBRACKET

    SEMICOLON       shift and go to state 108
    PLUS            shift and go to state 34
    MINUS           shift and go to state 35
    TIMES           shift and go to state 36
    DIVIDE          shift and go to state 37
    MODULO          shift and go to state 38
    GT              shift and go to state 39
    LT              shift and go to state 40
    GE              shift and go to state 41
    LE              shift and go to state 42
    EQ              shift and go to state 43
    NE              shift and go to state 44
    AND             shift and go to state 45
    OR              shift and go to state 46
    LBRACKET        shift and go to state 47


state 101

    (13) for_init -> VAR IDENTIFIER EQUALS . expression
    (25) expression -> . expression PLUS expression
    (26) expression -> . expression MINUS expression
    (27) expression -> . expression TIMES expression
    (28) expression -> . expression DIVIDE expression
    (29) expression -> . expression MODULO expression
    (30) expression -> . expression GT expression
    (31) expression -> . expression LT expression
    (32) expression -> . expression GE expression
    (33) expression -> . expression LE expression
    (34) expression -> . expression EQ expression
    (35) expression -> . expression NE expression
    (36) expression -> . expression AND expression
    (37) expression -> . expression OR expression
    (38) expression -> . NOT expression
    (39) expression -> . LPAREN expression RPAREN
    (40) expression -> . NUMBER
    (41) expression -> . STRING
    (42) expression -> . TRUE
    (43) expression -> . FALSE
    (44) expression -> . IDENTIFIER
    (45) expression -> . LBRACKET arg_list RBRACKET
    (46) expression -> . expression LBRACKET expression RBRACKET
    (50) expression -> . IDENTIFIER LPAREN arg_list RPAREN

    NOT             shift and go to state 16
    LPAREN          shift and go to state 17
    NUMBER          shift and go to state 18
    STRING          shift and go to state 19
    TRUE            shift and go to state 20
    FALSE           shift and go to state 21
    IDENTIFIER      shift and go to state 22
    LBRACKET        shift and go to state 23

    expression                     shift and go to state 109

state 102

    (14) for_init -> IDENTIFIER EQUALS expression .
    (25) expression -> expression . PLUS expression
    (26) expression -> expression . MINUS expression
    (27) expression -> expression . TIMES expression
    (28) expression -> expression . DIVIDE expression
    (29) expression -> expression . MODULO expression
    (30) expression -> expression . GT expression
    (31) expression -> expression . LT expression
    (32) expression -> expression . GE expression
    (33) expression -> expression . LE expression
    (34) expression -> expression . EQ expression
    (35) expression -> expression . NE expression
    (36) expression -> expression . AND expression
    (37) expression -> expression . OR expression
    (46) expression -> expression . LBRACKET expression RBRACKET

    SEMICOLON       reduce using rule 14 (for_init -> IDENTIFIER EQUALS expression .)
    RPAREN          reduce using rule 14 (for_init -> IDENTIFIER EQUALS expression .)
    PLUS            shift and go to state 34
    MINUS           shift and go to state 35
    TIMES           shift and go to state 36
    DIVIDE          shift and go to state 37
    MODULO          shift and go to state 38
    GT              shift and go to state 39
    LT              shift and go to state 40
    GE              shift and go to state 41
    LE              shift and go to state 42
    EQ              shift and go to state 43
    NE              shift and go to state 44
    AND             shift and go to state 45
    OR              shift and go to state 46
    LBRACKET        shift and go to state 47


state 103

    (24) statement -> FUNCTION IDENTIFIER LPAREN param_list RPAREN . block
    (4) block -> . LBRACE statement_list RBRACE
    (5) block -> . LBRACE RBRACE

    LBRACE          shift and go to state 58

    block                          shift and go to state 110

state 104

    (22) param_list -> param_list COMMA . IDENTIFIER

    IDENTIFIER      shift and go to state 111


state 105

    (7) statement -> IF expression THEN block ELSE block .

    IF              reduce using rule 7 (statement -> IF expression THEN block ELSE block .)
    VAR             reduce using rule 7 (statement -> IF expression THEN block ELSE block .)
    IDENTIFIER      reduce using rule 7 (statement -> IF expression THEN block ELSE block .)
    WHILE           reduce using rule 7 (statement -> IF expression THEN block ELSE block .)
    FOR             reduce using rule 7 (statement -> IF expression THEN block ELSE block .)
    BREAK           reduce using rule 7 (statement -> IF expression THEN block ELSE block .)
    CONTINUE        reduce using rule 7 (statement -> IF expression THEN block ELSE block .)
    PRINT           reduce using rule 7 (statement -> IF expression THEN block ELSE block .)
    RETURN          reduce using rule 7 (statement -> IF expression THEN block ELSE block .)
    FUNCTION        reduce using rule 7 (statement -> IF expression THEN block ELSE block .)
    $end            reduce using rule 7 (statement -> IF expression THEN block ELSE block .)
    RBRACE          reduce using rule 7 (statement -> IF expression THEN block ELSE block .)


state 106

    (8) statement -> IF expression THEN block ELSE statement .

    IF              reduce using rule 8 (statement -> IF expression THEN block ELSE statement .)
    VAR             reduce using rule 8 (statement -> IF expression THEN block ELSE statement .)
    IDENTIFIER      reduce using rule 8 (statement -> IF expression THEN block ELSE statement .)
    WHILE           reduce using rule 8 (statement -> IF expression THEN block ELSE statement .)
    FOR             reduce using rule 8 (statement -> IF expression THEN block ELSE statement .)
    BREAK           reduce using rule 8 (statement -> IF expression THEN block ELSE statement .)
    CONTINUE        reduce using rule 8 (statement -> IF expression THEN block ELSE statement .)
    PRINT           reduce using rule 8 (statement -> IF expression THEN block ELSE statement .)
    RETURN          reduce using rule 8 (statement -> IF expression THEN block ELSE statement .)
    FUNCTION        reduce using rule 8 (statement -> IF expression THEN block ELSE statement .)
    $end            reduce using rule 8 (statement -> IF expression THEN block ELSE statement .)
    RBRACE          reduce using rule 8 (statement -> IF expression THEN block ELSE statement .)


state 107

    (11) statement -> IDENTIFIER LBRACKET expression RBRACKET EQUALS expression .
    (25) expression -> expression . PLUS expression
    (26) expression -> expression . MINUS expression
    (27) expression -> expression . TIMES expression
    (28) expression -> expression . DIVIDE expression
    (29) expression -> expression . MODULO expression
    (30) expression -> expression . GT expression
    (31) expression -> expression . LT expression
    (32) expression -> expression . GE expression
    (33) expression -> expression . LE expression
    (34) expression -> expression . EQ expression
    (35) expression -> expression . NE expression
    (36) expression -> expression . AND expression
    (37) expression -> expression . OR expression
    (46) expression -> expression . LBRACKET expression RBRACKET

    IF              reduce using rule 11 (statement -> IDENTIFIER LBRACKET expression RBRACKET EQUALS expression .)
    VAR             reduce using rule 11 (statement -> IDENTIFIER LBRACKET expression RBRACKET EQUALS expression .)
    IDENTIFIER      reduce using rule 11 (statement -> IDENTIFIER LBRACKET expression RBRACKET EQUALS expression .)
    WHILE           reduce using rule 11 (statement -> IDENTIFIER LBRACKET expression RBRACKET EQUALS expression .)
    FOR             reduce using rule 11 (statement -> IDENTIFIER LBRACKET expression RBRACKET EQUALS expression .)
    BREAK           reduce using rule 11 (statement -> IDENTIFIER LBRACKET expression RBRACKET EQUALS expression .)
    CONTINUE        reduce using rule 11 (statement -> IDENTIFIER LBRACKET expression RBRACKET EQUALS expression .)
    PRINT           reduce using rule 11 (statement -> IDENTIFIER LBRACKET expression RBRACKET EQUALS expression .)
    RETURN          reduce using rule 11 (statement -> IDENTIFIER LBRACKET expression RBRACKET EQUALS expression .)
    FUNCTION        reduce using rule 11 (statement -> IDENTIFIER LBRACKET expression RBRACKET EQUALS expression .)
    $end            reduce using rule 11 (statement -> IDENTIFIER LBRACKET expression RBRACKET EQUALS expression .)
    RBRACE          reduce using rule 11 (statement -> IDENTIFIER LBRACKET expression RBRACKET EQUALS expression .)
    PLUS            shift and go to state 34
    MINUS           shift and go to state 35
    TIMES           shift and go to state 36
    DIVIDE          shift and go to state 37
    MODULO          shift and go to state 38
    GT              shift and go to state 39
    LT              shift and go to state 40
    GE              shift and go to state 41
    LE              shift and go to state 42
    EQ              shift and go to state 43
    NE              shift and go to state 44
    AND             shift and go to state 45
    OR              shift and go to state 46
    LBRACKET        shift and go to state 47


state 108

    (15) statement -> FOR LPAREN for_init SEMICOLON expression SEMICOLON . for_init RPAREN block
    (13) for_init -> . VAR IDENTIFIER EQUALS expression
    (14) for_init -> . IDENTIFIER EQUALS expression

    VAR             shift and go to state 60
    IDENTIFIER      shift and go to state 61

    for_init                       shift and go to state 112

state 109

    (13) for_init -> VAR IDENTIFIER EQUALS expression .
    (25) expression -> expression . PLUS expression
    (26) expression -> expression . MINUS expression
    (27) expression -> expression . TIMES expression
    (28) expression -> expression . DIVIDE expression
    (29) expression -> expression . MODULO expression
    (30) expression -> expression . GT expression
    (31) expression -> expression . LT expression
    (32) expression -> expression . GE expression
    (33) expression -> expression . LE expression
    (34) expression -> expression . EQ expression
    (35) expression -> expression . NE expression
    (36) expression -> expression . AND expression
    (37) expression -> expression . OR expression
    (46) expression -> expression . LBRACKET expression RBRACKET

    SEMICOLON       reduce using rule 13 (for_init -> VAR IDENTIFIER EQUALS expression .)
    RPAREN          reduce using rule 13 (for_init -> VAR IDENTIFIER EQUALS expression .)
    PLUS            shift and go to state 34
    MINUS           shift and go to state 35
    TIMES           shift and go to state 36
    DIVIDE          shift and go to state 37
    MODULO          shift and go to state 38
    GT              shift and go to state 39
    LT              shift and go to state 40
    GE              shift and go to state 41
    LE              shift and go to state 42
    EQ              shift and go to state 43
    NE              shift and go to state 44
    AND             shift and go to state 45
    OR              shift and go to state 46
    LBRACKET        shift and go to state 47


state 110

    (24) statement -> FUNCTION IDENTIFIER LPAREN param_list RPAREN block .

    IF              reduce using rule 24 (statement -> FUNCTION IDENTIFIER LPAREN param_list RPAREN block .)
    VAR             reduce using rule 24 (statement -> FUNCTION IDENTIFIER LPAREN param_list RPAREN block .)
    IDENTIFIER      reduce using rule 24 (statement -> FUNCTION IDENTIFIER LPAREN param_list RPAREN block .)
    WHILE           reduce using rule 24 (statement -> FUNCTION IDENTIFIER LPAREN param_list RPAREN block .)
    FOR             reduce using rule 24 (statement -> FUNCTION IDENTIFIER LPAREN param_list RPAREN block .)
    BREAK           reduce using rule 24 (statement -> FUNCTION IDENTIFIER LPAREN param_list RPAREN block .)
    CONTINUE        reduce using rule 24 (statement -> FUNCTION IDENTIFIER LPAREN param_list RPAREN block .)
    PRINT           reduce using rule 24 (statement -> FUNCTION IDENTIFIER LPAREN param_list RPAREN block .)
    RETURN          reduce using rule 24 (statement -> FUNCTION IDENTIFIER LPAREN param_list RPAREN block .)
    FUNCTION        reduce using rule 24 (statement -> FUNCTION IDENTIFIER LPAREN param_list RPAREN block .)
    $end            reduce using rule 24 (statement -> FUNCTION IDENTIFIER LPAREN param_list RPAREN block .)
    RBRACE          reduce using rule 24 (statement -> FUNCTION IDENTIFIER LPAREN param_list RPAREN block .)


state 111

    (22) param_list -> param_list COMMA IDENTIFIER .

    RPAREN          reduce using rule 22 (param_list -> param_list COMMA IDENTIFIER .)
    COMMA           reduce using rule 22 (param_list -> param_list COMMA IDENTIFIER .)


state 112

    (15) statement -> FOR LPAREN for_init SEMICOLON expression SEMICOLON for_init . RPAREN block

    RPAREN          shift and go to state 113


state 113

    (15) statement -> FOR LPAREN for_init SEMICOLON expression SEMICOLON for_init RPAREN . block
    (4) block -> . LBRACE statement_list RBRACE
    (5) block -> . LBRACE RBRACE

    LBRACE          shift and go to state 58

    block                          shift and go to state 114

state 114

    (15) statement -> FOR LPAREN for_init SEMICOLON expression SEMICOLON for_init RPAREN block .

    IF              reduce using rule 15 (statement -> FOR LPAREN for_init SEMICOLON expression SEMICOLON for_init RPAREN block .)
    VAR             reduce using rule 15 (statement -> FOR LPAREN for_init SEMICOLON expression SEMICOLON for_init RPAREN block .)
    IDENTIFIER      reduce using rule 15 (statement -> FOR LPAREN for_init SEMICOLON expression SEMICOLON for_init RPAREN block .)
    WHILE           reduce using rule 15 (statement -> FOR LPAREN for_init SEMICOLON expression SEMICOLON for_init RPAREN block .)
    FOR             reduce using rule 15 (statement -> FOR LPAREN for_init SEMICOLON expression SEMICOLON for_init RPAREN block .)
    BREAK           reduce using rule 15 (statement -> FOR LPAREN for_init SEMICOLON expression SEMICOLON for_init RPAREN block .)
    CONTINUE        reduce using rule 15 (statement -> FOR LPAREN for_init SEMICOLON expression SEMICOLON for_init RPAREN block .)
    PRINT           reduce using rule 15 (statement -> FOR LPAREN for_init SEMICOLON expression SEMICOLON for_init RPAREN block .)
    RETURN          reduce using rule 15 (statement -> FOR LPAREN for_init SEMICOLON expression SEMICOLON for_init RPAREN block .)
    FUNCTION        reduce using rule 15 (statement -> FOR LPAREN for_init SEMICOLON expression SEMICOLON for_init RPAREN block .)
    $end            reduce using rule 15 (statement -> FOR LPAREN for_init SEMICOLON expression SEMICOLON for_init RPAREN block .)
    RBRACE          reduce using rule 15 (statement -> FOR LPAREN for_init SEMICOLON expression SEMICOLON for_init RPAREN block .)

